,Symbol,trailingPE,bookValue,trailingEps
0,360ONE,43.875153,107.158,24.67
1,3IINFOLTD,,16.263,-809.32
2,3MINDIA,57.660004,1905.806,532.18
3,5PAISA,24.45946,184.582,19.24
4,AARTIDRUGS,27.145016,139.958,16.55
5,AARTIIND,35.028454,150.729,12.3
6,AARTIPHARM,25.959476,204.972,25.17
7,AARTISURF,35.52371,257.303,18.14
8,AARVI,18.62343,78.771,7.17
9,AAVAS,24.333483,511.572,67.29
10,ABB,86.54613,299.284,79.78
11,ABBOTINDIA,45.841465,1657.016,604.66
12,ABCAPITAL,13.049685,110.094,14.29
13,ABFRL,,39.939,-6.6
14,ABSLAMC,27.207354,113.517,31.01
15,ACC,19.26609,883.967,108.46
16,ACCELYA,22.947104,189.504,63.52
17,ACE,39.92017,116.327,30.69
18,ACI,38.10818,143.034,17.84
19,ACLGATI,66.84672,79.943,1.37
20,ADANIENSOL,132.98155,174.69,4.88
21,ADANIENT,47.90368,334.151,46.51
22,ADANIGREEN,166.95238,59.777,6.3
23,ADANIPORTS,23.94166,264.719,47.48
24,ADFFOODS,42.052708,42.148,7.21
25,ADORWELD,33.105625,266.486,34.84
26,ADSL,32.383354,93.447,7.93
27,ADVANIHOTR,25.617762,7.777,2.59
28,ADVENZYMES,29.930557,120.137,12.24
29,AEGISLOG,48.088943,117.472,16.64
30,AEROFLEX,50.136875,24.523,3.58
31,AETHER,132.50815,160.953,6.14
32,AFFLE,64.33266,192.201,24.65
33,AGARIND,12.218237,341.64,82.25
34,AGI,21.97793,295.372,41.23
35,AGROPHOS,,23.803,-2.59
36,AHL,19.64712,185.624,19.27
37,AHLEAST,11.391368,134.932,13.67
38,AHLUCONT,18.312931,238.842,50.65
39,AIAENG,30.463425,680.297,112.1
40,AJANTPHARM,42.58452,293.334,69.51
41,AJMERA,26.345495,253.97,35.08
42,AKG,42.7381,15.565,0.42
43,AKZOINDIA,38.104713,312.955,95.5
44,ALBERTDAVD,8.903662,671.053,142.52
45,ALEMBICLTD,10.265509,85.114,12.09
46,ALICON,24.807478,344.592,44.93
47,ALKALI,,50.425,-4.23
48,ALKEM,31.425396,862.465,177.67
49,ALKYLAMINE,58.213745,256.532,32.89
50,ALLCARGO,119.409096,25.658,0.44
51,ALLSEC,20.620007,161.081,52.58
52,ALPA,12.704128,73.11,8.72
53,AMBER,117.960335,624.911,54.96
54,AMBIKCO,12.654551,1562.428,113.07
55,AMBUJACEM,38.098324,204.393,13.12
56,AMIORG,89.33662,302.037,23.29
57,AMRUTANJAN,42.566906,99.786,16.44
58,ANANDRATHI,62.806282,133.256,63.34
59,ANANTRAJ,64.93762,112.013,10.42
60,ANDHRAPAP,9.768828,97.752,9.56
61,ANDHRSUGAR,23.908188,116.786,4.03
62,ANGELONE,18.182188,585.684,148.2
63,ANUP,100.44604,274.12,34.19
64,ANURAS,114.92163,251.492,6.38
65,APARINDS,43.554413,1022.628,213.65
66,APCL,,100.236,-15.19
67,APCOTEXIND,38.594837,104.746,10.07
68,APEX,51.5339,159.058,4.72
69,APLAPOLLO,67.43937,138.757,21.03
70,APLLTD,31.667171,248.211,32.9
71,APOLLOHOSP,84.307076,499.315,82.26
72,APOLLOPIPE,62.3248,164.209,7.42
73,APOLLOTYRE,21.70101,218.897,22.81
74,APTECHT,47.473988,44.83,3.46
75,APTUS,23.432392,80.516,13.46
76,ARIES,14.469696,200.199,21.78
77,ARIHANTCAP,12.735897,35.612,7.8
78,ARIHANTSUP,24.109118,48.496,14.48
79,ARMANFIN,8.617287,775.702,144.39
80,ARTEMISMED,136.26637,33.001,2.29
81,ARVIND,32.902348,134.047,11.06
82,ARVINDFASN,106.233765,76.655,5.39
83,ARVSMART,63.919468,115.814,14.9
84,ASAHIINDIA,50.53208,101.919,12.78
85,ASAHISONG,43.85863,207.31,8.63
86,ASAL,48.56485,0.305,13.03
87,ASALCBR,29.037374,250.895,31.84
88,ASHIANA,97.91936,76.618,3.1
89,ASHIMASYN,5.9555125,15.924,5.17
90,ASHOKA,6.811249,79.09,33.96
91,ASHOKLEY,25.079508,35.071,8.93
92,ASIANENE,33.1963,68.354,9.73
93,ASIANPAINT,51.947887,188.116,47.59
94,ASIANTILES,,98.063,-0.63
95,ASPINWALL,16.387196,237.403,16.4
96,ASTEC,,148.625,-52.85
97,ASTERDM,105.18247,68.823,4.11
98,ASTRAL,90.15353,125.542,19.54
99,ASTRAMICRO,54.178726,101.763,13.82
100,ASTRAZEN,192.7371,284.768,32.79
101,ATFL,493.2857,196.824,1.75
102,ATGL,95.470215,35.61,6.38
103,ATL,21.525139,10.616,1.79
104,ATUL,56.65159,1905.059,128.18
105,AUBANK,23.324198,215.676,25.54
106,AUROPHARMA,19.982037,528.882,61.24
107,AUTOAXLES,17.249285,593.322,101.41
108,AVADHSUGAR,13.129479,525.644,43.25
109,AVALON,200.19858,85.267,4.28
110,AVANTIFEED,19.394335,173.619,30.71
111,AVG,12.828186,146.372,31.08
112,AVROIND,44.71304,28.613,3.45
113,AVTNPL,26.023333,30.832,3
114,AWHCL,24.85575,202.303,24.61
115,AWL,38.721855,68.72,7.55
116,AXISBANK,12.725856,557.714,89.77
117,AYMSYNTEX,50.364754,85.204,4.88
118,BAJAJ-AUTO,36.142605,1111.31,262.34
119,BAJAJCON,20.448242,49.392,9.95
120,BAJAJELEC,80.283424,127.005,9.35
121,BAJAJFINSV,30.273258,428.879,52.88
122,BAJAJHCARE,,100.835,-4.84
123,BAJAJHIND,,35.056,-0.15
124,BAJAJHLDNG,15.70551,5376.945,665.9
125,BAJFINANCE,26.921017,1403.263,248.28
126,BALAJITELE,74.77381,42.466,0.84
127,BALAMINES,31.860054,531.421,62.31
128,BALAXI,8.793416,39.51,8.81
129,BALKRISIND,32.79569,486.271,84.38
130,BALMLAWRIE,13.690827,104.439,15.59
131,BALPHARMA,26.998032,43.845,5.08
132,BALRAMCHIN,24.12728,175.954,21.37
133,BANARBEADS,30.850525,84.487,4.75
134,BANARISUG,32.731335,1346.445,104.07
135,BANCOINDIA,23.45347,147.025,48.14
136,BANDHANBNK,12.287057,147.23,13.83
137,BANKBARODA,6.0997677,261.508,38.69
138,BANKINDIA,5.89251,162.225,17.49
139,BANSWRAS,19.49403,157.571,6.7
140,BARBEQUE,,100.581,-2.26
141,BASF,37.483356,744.704,150.18
142,BASML,,61.586,-3.48
143,BATAINDIA,48.130543,114.198,27.04
144,BAYERCROP,44.45258,634.016,129.06
145,BBL,76.12781,1955.411,48.9
146,BBTC,14.396879,670.203,171.11
147,BBTCL,44.946392,58.327,4.85
148,BCLIND,14.1866665,47.897,3.75
149,BDL,138.1684,99.214,6.77
150,BECTORFOOD,70.37857,187.928,24.17
151,BEL,45.29839,24.249,6.2
152,BEML,55.711884,640.654,68.48
153,BEPL,16.687328,39.034,7.26
154,BERGEPAINT,48.497963,47.895,9.82
155,BFINVEST,5.17017,2118.547,139.86
156,BFUTILITIE,24.402298,-5.038,39.15
157,BHAGCHEM,963.5294,39.759,0.34
158,BHAGERIA,31.463608,121.472,6.32
159,BHARATFORG,64.675674,154.003,20.35
160,BHARATGEAR,33.142857,72.028,2.94
161,BHARATRAS,31.041677,2377.426,379.1
162,BHARTIARTL,75.66538,150.527,20.74
163,BHEL,183.11719,68.391,1.28
164,BIGBLOC,62.017967,7.348,1.67
165,BIKAJI,63.406734,52.886,11.58
166,BIOCON,27.579035,170.57,12.02
167,BIOFILCHEM,151.79488,11.185,0.39
168,BIRLACABLE,83.9102,87.914,2.45
169,BIRLACORPN,27.341114,900.298,40.28
170,BLAL,,0.462,-0.99
171,BLISSGVS,22.072147,96.164,5.96
172,BLKASHYAP,26.760298,23.53,2.67
173,BLS,37.821148,29.359,10.12
174,BLUEDART,62.781452,600.637,119.47
175,BLUESTARCO,71.515564,132.696,25.7
176,BODALCHEM,547.6923,86.036,0.13
177,BOMDYEING,1.2009716,90.708,170.87
178,BOROLTD,69.03624,50.619,6.07
179,BORORENEW,,65.539,-6.62
180,BOSCHLTD,48.60499,4317.642,706.05
181,BPCL,9.301986,180.583,30.73
182,BRIGADE,58.520336,157.908,20.41
183,BRITANNIA,54.858,133.257,88.38
184,BSE,78.53495,310.01,60.1
185,BSOFT,25.555052,117.003,21.98
186,BUTTERFLY,,163.42,-3.77
187,CAMLINFINE,,51.638,-13.36
188,CAMPUS,82.21698,22.778,3.18
189,CAMS,51.93592,209.281,85.67
190,CANBK,5.4994335,113.095,17.64
191,CANFINHOME,13.677378,353.024,61.62
192,CANTABIL,31.15689,39.032,7.33
193,CAPACITE,16.25507,179.301,22.19
194,CAPLIPOINT,30.351624,324.909,64.7
195,CAPTRUST,83.75194,47.295,1.29
196,CARBORUNIV,56.668003,175.304,24.94
197,CARERATING,36.283062,251.989,38.19
198,CARTRADE,70.8209,450.493,18.09
199,CARYSIL,32.47064,174.284,22.99
200,CASTROLIND,21.856985,21.593,9.09
201,CCL,36.05404,135.667,20.54
202,CDSL,60.44937,73.158,25.48
203,CEATLTD,20.338552,1038.392,139.86
204,CENTENKA,19.138304,639.328,32.32
205,CENTRALBK,13.312977,38.436,3.93
206,CENTRUM,,8.439,-3.4
207,CENTURYPLY,70.418365,99.548,9.8
208,CENTURYTEX,116.133934,356.198,23.37
209,CERA,37.722984,1034.753,185.55
210,CESC,16.242254,86.345,10.65
211,CGCL,48.64175,48.82,3.88
212,CGPOWER,125.222984,23.079,5.83
213,CHALET,217.5969,90.101,3.87
214,CHAMBLFERT,12.172089,204.806,38.12
215,CHEMBOND,17.982737,282.217,31.28
216,CHEMCON,43.996155,133.402,5.2
217,CHEMFAB,103.78499,267.527,8.93
218,CHEMPLASTS,,108.468,-8.1
219,CHENNPETRO,12.12578,518.341,48.1
220,CHEVIOT,9.438549,1040.049,131
221,CHOICEIN,101.85606,44.626,5.28
222,CHOLAFIN,26.390041,254.86,45.79
223,CHOLAHLDNG,13.8309555,545.418,109.32
224,CIEINDIA,21.064814,163.45,21.6
225,CIGNITITEC,29.818703,296.914,50.47
226,CIPLA,26.832129,351.204,55.4
227,CLEAN,53.557297,122.123,24.26
228,CLEDUCATE,41.259396,83.108,2.66
229,CLSEL,14.75788,135.83,21.89
230,CMSINFO,21.982046,129.016,21.72
231,COALINDIA,7.0717335,156.171,58.55
232,COASTCORP,1715.2856,195.851,0.14
233,COCHINSHIP,39.4924,200.5,32.9
234,COFFEEDAY,,135.219,-16.78
235,COFORGE,66.29647,896.479,125.61
236,COLPAL,81.70413,60.748,33.36
237,CONCOR,37.64804,199.835,20.94
238,CONCORDBIO,64.59693,151.993,31.26
239,CONFIPET,25.319548,37.216,2.66
240,CONTROLPR,21.761665,222.049,31.93
241,COROMANDEL,38.99935,345.157,46.32
242,COSMOFIRST,18.924936,513.342,39.3
243,CRAFTSMAN,45.45582,1229.421,114.63
244,CREATIVE,25.416426,143.142,34.7
245,CREDITACC,10.690876,438.325,83.3
246,CREST,14.413183,391.754,31.1
247,CRISIL,59.8211,307.328,91.67
248,CROMPTON,50.45571,46.643,7.79
249,CSBBANK,9.6297455,238.733,31.87
250,CSLFINANCE,10.274618,211.635,30.77
251,CUB,12.107119,119.89,14.19
252,CUMMINSIND,47.257973,251.318,70.24
253,CYIENT,30.25852,467.257,59.57
254,CYIENTDLM,72.621254,118.281,8.66
255,DABUR,50.994034,58.517,10.06
256,DALBHARAT,44.374233,933.024,40.75
257,DALMIASUG,11.641835,375.174,34.23
258,DAMODARIND,,59.749,-6.65
259,DATAMATICS,17.14732,218.797,30.41
260,DATAPATTNS,68.95198,236.534,33.11
261,DBL,13.552467,356.586,32.02
262,DBOL,77.082275,146.374,1.58
263,DBREALTY,32.813526,93.25,4.88
264,DCAL,,365.807,-11.1
265,DCBBANK,6.4675183,170.719,18.01
266,DCMSHRIRAM,37.352154,426.503,33.48
267,DCMSRIND,12.868853,99.872,14.03
268,DCW,335.10345,34.955,0.29
269,DECCANCE,22.196735,513.279,25.72
270,DEEPAKFERT,23.749535,449.624,53.74
271,DEEPAKNTR,42.665337,373.127,62.6
272,DEEPINDS,23.268698,234.898,21.66
273,DELHIVERY,4940.7144,124.115,0.07
274,DELTACORP,19.28055,95.303,5.81
275,DEN,9.19149,73.641,4.7
276,DENORA,34.26539,234.98,34.44
277,DEVYANI,621.5926,9.674,0.27
278,DHAMPURSUG,15.733333,168.278,10.8
279,DHANUKA,24.912445,279.508,59.39
280,DHARMAJ,23.964077,106.33,11.97
281,DHUNINV,20.05412,4196.173,118.26
282,DIAMONDYD,63.5679,312.06,16.2
283,DICIND,120.2724,431.774,5.69
284,DISHTV,,-14.97,-20.58
285,DIVGIITTS,55.76557,189.76,11.56
286,DIVISLAB,86.51882,516.405,69.33
287,DIXON,124.826775,393.424,122.96
288,DLF,55.216496,162.531,14.55
289,DLINKINDIA,19.300398,123.902,27.73
290,DMART,87.49758,309.591,41.3
291,DMCC,54.642857,85.531,5.32
292,DODLA,33.731342,214.46,36.18
293,DOLATALGO,8.8288355,45.005,14.08
294,DOLLAR,30.608934,137.721,16.34
295,DONEAR,13.128835,39.352,8.15
296,DPABHUSHAN,41.320602,150.487,37.18
297,DPSCLTD,151.72728,6.987,0.11
298,DPWIRES,17.403156,145.925,20.91
299,DREAMFOLKS,32.134098,50.011,13.05
300,DRREDDY,18.339624,366.539,66.22
301,DSSL,25.471489,151.659,49.63
302,DTIL,,496.787,-99.68
303,DVL,7.95988,844.887,49.85
304,DWARKESH,,40.288,-0.08
305,DYNAMATECH,53.643024,983.208,135.08
306,EASEMYTRIP,64.06,3.411,0.5
307,ECLERX,30.70717,433.143,106.41
308,EDELWEISS,18.455498,69.574,5.73
309,EICHERMOT,32.016182,692.546,155.74
310,EIDPARRY,20.09427,398.124,41.37
311,EIFFL,234.83147,26.895,0.89
312,EIHAHOTELS,29.08264,75.955,13.19
313,EIHOTEL,34.538605,62.996,10.62
314,EKC,22.234043,98.083,9.4
315,ELDEHSG,24.732359,389.862,32.88
316,ELECON,35.458282,78.2,15.82
317,ELECTCAST,10.156271,87.952,14.27
318,ELGIEQUIP,54.100582,54.455,10.34
319,ELIN,57.301136,101.31,3.52
320,EMAMILTD,36.11362,60.198,17.69
321,EMAMIPAP,9.092322,78.047,10.94
322,EMBDL,,72.135,-6.37
323,EMMBI,20.023611,96.169,7.2
324,EMUDHRA,88.0564,84.923,9.93
325,ENDURANCE,43.119755,377.399,54.78
326,ENGINERSIN,27.531202,42.318,6.57
327,ENIL,37.679672,161.79,4.87
328,EPIGRAL,27.572947,337.005,70.6
329,EPL,32.05412,69.238,8.13
330,EQUITASBNK,11.442238,50.784,5.54
331,ERIS,53.76369,203.647,25.56
332,EROSMEDIA,,90.699,-20.97
333,ESABINDIA,54.711384,225.756,110.18
334,ESCORTS,32.67616,894.4,107.43
335,ESTER,,74.28,-9.58
336,ETHOSLTD,79.559654,379.137,37.13
337,EVEREADY,36.098267,53.202,10.38
338,EVERESTIND,117.56881,381.218,6.54
339,EXCELINDUS,24.327274,1135.226,60.5
340,EXIDEIND,43.09451,162.594,9.84
341,EXPLEOSOL,22.470745,393.789,60.67
342,EXXARO,,61.853,-0.49
343,FACT,,19.819,-1.05
344,FAIRCHEMOR,24.29326,222.667,32.19
345,FAZE3Q,26.761135,156.528,14.82
346,FCL,29.945505,40.364,11.01
347,FCSSOFT,,2.507,-0.07
348,FDC,25.06677,281.847,19.47
349,FEDERALBNK,12.507169,132.926,16.74
350,FIEMIND,21.14421,336.979,70.66
351,FILATEX,24.646156,27.128,2.6
352,FINCABLES,24.45795,339.561,45.66
353,FINEORG,35.939922,691.337,143.15
354,FINOPB,29.433035,83.007,11.2
355,FINPIPE,19.930555,110.137,12.96
356,FIVESTAR,19.1361,195.663,32.99
357,FLUOROCHEM,102.53095,557.584,37.16
358,FMGOETZE,16.701681,199.58,23.8
359,FOCUS,33.816902,19.511,3.55
360,FOODSIN,26.317755,70.196,4.28
361,FORTIS,78.74282,104.061,8.71
362,FOSECOIND,40.227356,448.782,109.3
363,FSL,45.31579,56.694,7.6
364,FUSION,,283.06,-8.1
365,GABRIEL,29.096796,75.595,14.67
366,GAEL,16.426052,63.15,7.37
367,GAIL,10.962436,127.57,17.57
368,GALAXYSURF,30.944431,640.399,88.36
369,GANDHITUBE,15.7837,196.138,47.85
370,GANECOS,63.86319,415.085,35.01
371,GANESHBE,14.576063,69.679,8.94
372,GANESHHOUC,20.547157,160.317,58.21
373,GANGESSECU,35.463028,545.032,5.68
374,GARFIBRES,41.080006,605.482,111.99
375,GATEWAY,18.140043,39.633,4.57
376,GEECEE,16.858683,308.506,24.13
377,GENESYS,68.04856,127.211,11.12
378,GENUSPAPER,75.21429,18.396,0.28
379,GENUSPOWER,79.90366,60.869,5.19
380,GEOJITFSL,16.779348,37.438,7.07
381,GESHIP,5.5013394,945.585,197.87
382,GFLLIMITED,,236.163,-7.36
383,GHCL,10.034129,333.674,55.67
384,GHCLTEXTIL,18.109533,147.59,4.93
385,GICHSGFIN,6.6735296,339.609,30.6
386,GICRE,9.131116,488.439,41.49
387,GILLETTE,67.2367,298.073,138.53
388,GIPCL,13.067463,218.545,14.23
389,GLAND,41.796856,533.625,41.99
390,GLAXO,60.582767,97.182,39.81
391,GLENMARK,,278.11,-36.07
392,GLOBUSSPR,38.45845,338.067,21.18
393,GLS,30.352686,207.199,34.45
394,GMBREW,12.144428,374.533,63.63
395,GMDCLTD,16.435001,194.769,20
396,GMMPFAUDLR,52.9152,229.279,22.76
397,GMRINFRA,,-1.757,-1.27
398,GMRP&UI,3.9646263,11.261,25.16
399,GNA,17.722773,197.645,22.22
400,GNFC,18.669756,565.45,30.22
401,GOACARBON,15.99526,270.518,40.09
402,GOCLCORP,29.80048,292,12.53
403,GOCOLORS,68.29653,121.308,15.85
404,GODFRYPHLP,32.366104,813.963,173.83
405,GODREJAGRO,35.29112,123.241,20.61
406,GODREJCP,,118.901,-3.65
407,GODREJIND,85.6625,237.646,12
408,GODREJPROP,57.09732,390.339,50.04
409,GOKEX,45.984886,203.736,19.19
410,GOKULAGRO,22.556528,53.292,13.71
411,GOLDIAM,35.836155,62.603,8.85
412,GOODLUCK,19.463917,352.29,48.5
413,GPIL,12.794819,73.858,14.28
414,GPPL,23.577074,47.922,7.59
415,GRANULES,27.835821,141.342,20.1
416,GRAPHITE,19.692598,299.231,23.91
417,GRASIM,38.396126,1306.73,67.68
418,GRAVITA,53.554047,137.289,39.04
419,GREAVESCOT,53.809376,62.079,3.2
420,GREENLAM,53.56237,86.783,9.46
421,GREENPANEL,41.254635,110.275,8.09
422,GREENPLY,35.989933,61.004,8.94
423,GRINDWELL,61.23665,185.879,33.72
424,GRINFRA,13.182202,821.405,118.44
425,GRMOVER,19.3292,55.112,10.48
426,GROBTEA,48.794254,676.889,24.01
427,GRSE,40.96813,146.086,33.57
428,GRWRHITECH,35.78638,880.15,131.87
429,GSFC,14.560662,319.39,13.27
430,GSLSU,120.77931,77.983,1.45
431,GSPL,12.281804,198.235,27.04
432,GTLINFRA,,-3.972,-0.63
433,GTPL,24.538734,110.83,5.68
434,GUFICBIO,47.635616,53.109,8.48
435,GUJALKALI,,843.814,-30.48
436,GUJGASLTD,25.01896,115.731,18.46
437,GULFOILLUB,15.2232065,278.163,67.65
438,GULPOLY,49.80282,94.647,3.55
439,HAL,32.25347,435.695,127.47
440,HAPPSTMNDS,46.59884,101.281,15.48
441,HARDWYN,91.48648,10.33,0.37
442,HARIOMPIPE,29.485521,180.482,19.34
443,HARSHA,33.256054,129.089,14.45
444,HATHWAY,31.877193,25.198,0.57
445,HATSUN,77.174706,73.392,13.68
446,HAVELLS,73.773254,124.362,22.58
447,HBLPOWER,47.58489,49.242,11.78
448,HCC,10.166198,1.567,3.55
449,HCG,114.77941,61.796,4.08
450,HCLTECH,30.584824,3.035,62.07
451,HDFCAMC,40.90315,318.022,103.25
452,HDFCBANK,19.773449,632.437,88.28
453,HDFCLIFE,87.224335,72.414,7.89
454,HEG,27.52365,230.141,14.8
455,HEIDELBERG,36.8564,58.557,5.78
456,HEMIPROP,,12.493,-0.36
457,HERANBA,26.663738,210.694,17.07
458,HERCULES,21.429094,296.211,10.93
459,HERITGFOOD,24.63032,96.062,18.8
460,HEROMOTOCO,23.221603,885.292,206.45
461,HESTERBIO,86.3355,362.976,27.63
462,HEUBACHIND,41.388885,204.681,13.14
463,HEXATRADEX,,693.653,-3.53
464,HFCL,48.569233,28.929,2.6
465,HGINFRA,15.574558,412.516,82.15
466,HGS,51.15224,1609.56,12.02
467,HIKAL,65.61241,96.322,5.96
468,HIL,93.06591,1693.038,26.55
469,HILTON,30.670454,47.39,2.64
470,HIMATSEIDE,17.393234,158.338,9.46
471,HINDALCO,11.619743,518.277,56.12
472,HINDCOMPOS,20.26916,668.062,21.92
473,HINDCOPPER,63.31731,23.63,4.16
474,HINDMOTORS,11.129534,0.783,1.93
475,HINDOILEXP,14.588785,88.807,12.84
476,HINDPETRO,18.281805,215.537,19.73
477,HINDUNILVR,56.070854,216.156,43.61
478,HINDWAREAP,,82.692,-1.06
479,HINDZINC,23.635265,18.043,20.7
480,HITECH,43.046875,45.471,3.84
481,HLEGLAS,58.811077,61.001,6.14
482,HMAAGRO,,15.125,-7.88
483,HNDFDS,65.382774,61.511,8.36
484,HOMEFIRST,28.86321,257.187,37.65
485,HONAUT,68.6706,4263.367,597.34
486,HONDAPOWER,43.939144,800.655,67.87
487,HPAL,34.05357,18.383,2.24
488,HPL,48.385155,128.807,9.97
489,HTMEDIA,,73.077,-1.94
490,HUDCO,16.732737,85.536,12.31
491,HUHTAMAKI,4.9859734,155.783,53.47
492,ICEMAKE,48.844673,65.851,15.58
493,ICICIBANK,19.320484,397.441,66.15
494,ICICIGI,41.05228,300.805,44.76
495,ICICIPRULI,113.77483,80.24,6.04
496,ICIL,20.806143,111.071,15.63
497,ICRA,40.30683,992.177,157.09
498,IDBI,12.206677,50.834,6.29
499,IDEA,,-13.693,-5.06
500,IDEAFORGE,188.65448,151.323,3.01
501,IDFC,20.07011,83.473,5.42
502,IDFCFIRSTB,19.984425,50.54,3.21
503,IEX,37.070454,11.763,4.4
504,IFBIND,64.940186,195.136,24.24
505,IFCI,116,18.213,0.5
506,IFGLEXPOR,33.847515,306.092,14.1
507,IGARASHI,101.15651,142.013,7.22
508,IGL,11.020444,151.009,28.37
509,IGPL,29.403358,404.91,17.85
510,IIFL,16.936152,285.567,24.12
511,IIFLSEC,13.83984,72.193,22.54
512,IKIO,35.07618,71.532,7.22
513,IMAGICAA,96,19.593,0.75
514,IMFA,10.287085,431.799,80.29
515,IMPAL,17.45466,2023.079,62.86
516,INDHOTEL,68.17832,71.24,11.72
517,INDIACEM,,179.251,-11.6
518,INDIAGLYCO,18.093262,690.15,62.62
519,INDIAMART,31.894335,313.208,71.45
520,INDIANB,7.1394033,491.637,74.46
521,INDIANCARD,2.0747495,540.524,126.69
522,INDIANHUME,20.25355,157.409,19.72
523,INDIGO,24.120232,98.427,171.75
524,INDIGOPNTS,51.307613,197.136,29.29
525,INDNIPPON,21.818468,275.513,31.73
526,INDOAMIN,22.513699,37.246,7.3
527,INDOCO,96.98485,124.095,3.3
528,INDORAMA,,14.097,-7.76
529,INDSWFTLAB,1.5928154,157.642,63.19
530,INDTERRAIN,,44.451,-9.25
531,INDUSINDBK,9.541197,843.423,104.62
532,INDUSTOWER,11.772468,107.657,28.04
533,INFIBEAM,35.17808,13.896,0.73
534,INFOBEAN,29.791523,129.006,14.39
535,INFY,29.296934,2.605,64.93
536,INGERRAND,57.540524,183.817,76.5
537,INOXWIND,123.97315,20.391,1.49
538,INSECTICID,16.00272,342.435,44.13
539,INTELLECT,76.083694,187.783,9.32
540,INTLCONV,6.0512433,43.067,13.27
541,IOB,32.250004,14.581,1.56
542,IOC,10.417126,128.34,12.73
543,IOLCP,17.237623,274.507,20.2
544,IONEXCHANG,34.312706,82.803,18.26
545,IPCALAB,64.82078,249.589,24.55
546,IPL,29.412052,74.926,6.14
547,IRB,46.666668,23.722,1.02
548,IRCON,19.158325,65.695,9.79
549,IRCTC,53.906666,44.06,15
550,IRFC,28.486975,39.253,4.99
551,IRISDOREME,44.281693,9.229,1.42
552,ISEC,13.464398,137.829,63.2
553,ISFT,17.95731,129.576,7.73
554,ISGEC,32.56825,342.068,39.56
555,ITC,28.924437,60.148,16.41
556,ITDC,70.3949,45.363,8.23
557,ITDCEM,24.53054,94.874,19.81
558,ITI,,18.57,-5.23
559,J&KBANK,5.06567,120.836,18.73
560,JAGRAN,10.110843,87.266,8.3
561,JAGSNPHARM,70.77692,74.422,9.01
562,JAICORPLTD,80.10753,70.072,3.72
563,JAMNAAUTO,20.37347,22.655,4.9
564,JASH,51.659447,56.755,11.54
565,JAYAGROGN,15.072738,183.426,18.56
566,JAYBARMARU,36.778687,49.561,2.44
567,JAYNECOIND,159.52,22.458,0.25
568,JAYSREETEA,28.13666,100.68,4.61
569,JBCHEPHARM,45.318428,206.825,38.47
570,JCHAC,178.79745,217.634,10.27
571,JINDALPHOT,2.5569742,2203.653,349.28
572,JINDALPOLY,25.239344,912.259,32.38
573,JINDALSAW,10.370112,171.42,28.64
574,JINDALSTEL,15.788576,466.87,55.67
575,JINDRILL,22.60499,495.792,32.86
576,JINDWORLD,76.35934,35.86,4.23
577,JIOFIN,123.05882,216.94,2.55
578,JISLJALEQS,93.64286,76.996,0.7
579,JKCEMENT,39.28429,714.952,105.28
580,JKIL,14.4073305,368.942,47.75
581,JKLAKSHMI,24.610071,276.522,30.39
582,JKPAPER,10.716756,311.241,37.6
583,JKTYRE,13.303868,171.7,27.15
584,JMFINANCIL,28.173729,91.169,4.72
585,JOCIL,71.733574,240.719,2.74
586,JPOLYINVST,2.7030044,2523.215,376.1
587,JSL,22.573109,187.67,29.75
588,JSWENERGY,60.42983,160.629,11.4
589,JSWHL,76.85392,29665.36,216.46
590,JSWSTEEL,47.93281,326.649,20.39
591,JTEKTINDIA,43.608814,32.314,3.63
592,JTLIND,30.897438,31.3,3.12
593,JUBLFOOD,104.53279,33.229,6.1
594,JUBLINDS,72.49112,155.399,22.54
595,JUBLINGREA,61.227516,177.988,11.12
596,JUBLPHARMA,30.522789,373.882,37.3
597,JUSTDIAL,18.163282,507.729,59.1
598,JWL,47.6009,60.379,8.92
599,JYOTHYLAB,39.58864,49.245,10.21
600,KABRAEXTRU,44.52517,132.093,10.53
601,KAJARIACER,49.163525,169.384,23.85
602,KAKATCEM,,289.748,-2.92
603,KALYANKJIL,116.76859,40.668,6.05
604,KAMATHOTEL,10.926265,83.186,18.58
605,KAMDHENU,21.42361,88.132,21.6
606,KANORICHEM,,130.435,-11.84
607,KANPRPLA,,83.848,-1.5
608,KANSAINER,34.662777,69.83,7.71
609,KARURVYSYA,9.492631,135.446,22.39
610,KAYNES,155.01324,404.947,37.77
611,KCP,13.4709,115.221,17.01
612,KDDL,36.131203,585.426,74.39
613,KEC,61.038483,196.541,16.37
614,KECL,84.03809,17.802,2.1
615,KEI,57.896378,382.964,69
616,KELLTONTEC,19.275814,45.756,7.36
617,KFINTECH,61.623337,70.922,17.31
618,KHAICHEM,,22.733,-8.29
619,KIMS,71.803375,45.693,8.29
620,KINGFA,25.802147,538.95,110.89
621,KIOCL,,29.557,-2.03
622,KIRIINDUS,10.891509,572.455,53
623,KIRLOSBROS,43.76682,233.525,49.79
624,KIRLOSENG,29.541552,184.622,36.1
625,KIRLOSIND,24.950123,5027.89,184.46
626,KIRLPNU,54.254627,157.544,29.18
627,KITEX,42.435043,136.028,15.01
628,KKCL,22.72623,120.576,26.19
629,KNRCON,7.9631515,126.377,39.35
630,KOLTEPATIL,,96.564,-9.73
631,KOPRAN,19.990894,103.044,10.98
632,KOTAKBANK,16.070158,740.965,109.61
633,KOTHARIPET,16.333914,46.833,11.47
634,KOTHARIPRO,,401.508,-31.67
635,KPIL,34.750694,319.905,32.29
636,KPITTECH,49.22686,92.163,26.58
637,KPRMILL,38.98689,137.008,23.64
638,KRBL,15.3705635,212.238,19.16
639,KRISHANA,31.44898,53.515,6.86
640,KRITI,38.892014,30.577,4.26
641,KRSNAA,46.430275,260.432,20.94
642,KSB,60.6231,71.699,13.16
643,KSCL,13.823924,239.642,59.52
644,KSL,13.505616,402.154,56.98
645,KTKBANK,5.428726,305.557,36.83
646,KUANTUM,7.5929737,128.787,16.51
647,LALPATHLAB,63.472248,240.44,48.11
648,LAMBODHARA,21.994368,106.76,7.1
649,LANDMARK,78.96663,129.569,7.79
650,LAOPALA,30.341347,76.714,10.4
651,LAURUSLABS,209.22447,77.095,2.45
652,LAXMICOT,,36.896,-0.61
653,LAXMIMACH,63.45077,2530.787,273.04
654,LEMONTREE,65.10417,12.211,1.92
655,LGBBROSLTD,13.380234,562.75,89.55
656,LIBAS,43.46154,29.78,0.39
657,LICHSGFIN,6.9571834,611.118,88.75
658,LICI,13.555318,130.825,65.62
659,LIKHITHA,19.721264,78.462,17.4
660,LINC,25.11252,143.705,24.44
661,LINCOLN,12.800912,295.978,48.27
662,LINDEINDIA,124.54433,420.57,52.23
663,LLOYDSME,33.267757,110.663,27.45
664,LODHA,59.053604,182.749,21.08
665,LOVABLE,95.162605,119.151,1.23
666,LOYALTEX,,666.667,-89.98
667,LT,36.68431,648.865,98.23
668,LTF,13.548544,97.339,10.3
669,LTFOODS,20.132872,105.143,17.31
670,LTIM,39.172947,711.759,156.58
671,LTTS,42.985584,531.014,123.46
672,LUMAXIND,16.84987,718.407,132.82
673,LUMAXTECH,22.051846,122.528,22.76
674,LUPIN,36.079952,343.059,57.41
675,LUXIND,33.38414,520.979,53.47
676,LXCHEM,51.47303,66.747,4.82
677,M&M,29.828234,632.146,101.01
678,M&MFIN,14.937712,162.35,17.66
679,MADRASFERT,18.534,-11.774,5
680,MAGADSUGAR,8.90773,529.114,72.83
681,MAHABANK,7.6502886,32.289,6.92
682,MAHLIFE,61.092712,117.588,7.55
683,MAHLOG,,62.982,-6.98
684,MAHSCOOTER,66.9571,26901.557,140.31
685,MAHSEAMLES,9.777304,443.645,65.56
686,MAITHANALL,3.7372923,1079.262,284.27
687,MALLCOM,24.488037,380.63,59.77
688,MANAKSIA,9.045359,83.979,9.48
689,MANALIPETC,61.009804,62.402,1.02
690,MANAPPURAM,5.680285,148.195,26.68
691,MANGALAM,,85.792,-4.03
692,MANGCHEFER,15.471492,83.822,9.12
693,MANGLMCEM,41.330936,295.162,19.46
694,MANINFRA,25.303198,39.419,7.19
695,MANKIND,48.408276,263.687,52.71
696,MANYAVAR,83.84964,62.788,16.56
697,MAPMYINDIA,64.89033,133.727,24.62
698,MARALOVER,,28.686,-1.55
699,MARATHON,17.135633,194.574,33.62
700,MARICO,48.990192,35.875,12.23
701,MARKSANS,40.399216,45.57,7.64
702,MARUTI,24.783493,2834.796,446.41
703,MASFIN,16.258741,149.128,17.16
704,MASTEK,27.234509,740.616,118.46
705,MATRIMONY,29.186357,138.117,22.43
706,MAWANASUG,16.210611,94.521,6.22
707,MAXHEALTH,92.673775,90.548,10.79
708,MAYURUNIQ,19.022821,197.281,31.11
709,MAZDA,17.999456,529.939,73.68
710,MAZDOCK,31.335451,361.345,127.41
711,MBAPL,70.49216,42.462,3.19
712,MCX,91.34601,479.257,67.83
713,MEDANTA,61.42582,108.214,18.13
714,MEDICAMEQ,77.83102,158.195,5.74
715,MEDPLUS,89.26594,132.004,8.31
716,MENONBE,27.799065,26.271,4.28
717,METROBRAND,75.67701,72.513,15.14
718,METROPOLIS,71.51752,231.094,28.83
719,MFSL,116.99598,149.703,9.97
720,MGL,10.015575,559.739,115.57
721,MHRIL,62.031803,28.98,5.66
722,MIDHANI,65.97458,70.415,4.72
723,MINDACORP,44.18956,83.98,10.92
724,MMFL,32.439888,176.372,14.14
725,MMTC,53.913044,11.457,1.38
726,MOIL,17.280445,128.196,17.08
727,MOL,,58.238,-3.23
728,MOLDTECH,22.116255,44.906,9.29
729,MOLDTKPAC,34.912746,187.901,18.91
730,MONARCH,17.979637,51.066,22.1
731,MONTECARLO,29.966759,383.368,25.57
732,MOREPENLAB,29.221344,20.712,2.53
733,MOTHERSON,29.61111,47.852,5.58
734,MOTILALOFS,16.275053,146.499,55.88
735,MPHASIS,34.385284,458.131,83.86
736,MPSLTD,29.165483,262.566,70.46
737,MRF,27.118317,41658.85,4594.57
738,MRPL,30.474808,70.279,5.16
739,MSTCLTD,22.739948,126.284,27.61
740,MSUMI,41.226665,3.616,1.5
741,MTARTECH,139.7476,227.302,12.48
742,MTNL,,-375.294,-52.16
743,MUKANDLTD,19.21994,64.916,6.82
744,MUNJALAU,22.780487,40.119,4.51
745,MUNJALSHOW,18.722368,166.083,7.6
746,MUTHOOTCAP,11.580109,388.733,29.46
747,MUTHOOTFIN,16.552301,625.395,116.44
748,NACLIND,,25.472,-1.55
749,NAGAFERT,0.26317295,-56.049,34.92
750,NAHARCAP,17.772652,920.708,18.43
751,NAHARINDUS,26.26946,216.908,5.01
752,NAHARPOLY,38.990925,349.541,6.61
753,NAHARSPING,,410.692,-7
754,NAM-INDIA,32.89104,64.271,20.65
755,NATCOPHARM,12.499769,399.14,108.61
756,NATIONALUM,15.216233,78.34,16.88
757,NAUKRI,221.78958,3234.003,36.07
758,NAVA,11.806386,476.137,78.61
759,NAVINFLUOR,63.733715,497.943,52.2
760,NAVKARCORP,,127.773,-102.02
761,NAVNETEDUL,4.012926,82.558,34.04
762,NAZARA,86.63371,261.111,10.62
763,NBCC,53.371258,8.243,1.67
764,NCC,21.386585,109.621,13.27
765,NCLIND,15.276836,187.718,14.16
766,NDTV,,24.464,-18.24
767,NECLIFE,71.46809,47.679,0.47
768,NELCAST,19.965765,61.383,5.55
769,NELCO,104.521225,55.769,9.19
770,NEOGEN,127.02552,288.189,15.28
771,NESCO,18.555492,345.043,53.34
772,NESTLEIND,73.106705,40.489,30.74
773,NETWEB,160.93552,80.857,17.37
774,NEULANDLAB,68.19302,1087.53,218.57
775,NFL,14.682927,52.729,7.38
776,NGLFINE,26.734816,425.107,67.01
777,NH,33.130207,157.835,38.4
778,NHPC,31.664001,39.753,2.5
779,NIACL,21.465033,307.168,8.15
780,NIITLTD,56.21994,77.939,3.41
781,NIITMTS,26.381538,79.746,16.25
782,NILKAMAL,23.40777,959.203,77.47
783,NITINSPIN,13.653986,216.604,27.6
784,NLCINDIA,18.88367,137.982,13.84
785,NMDC,10.644649,96.798,20.74
786,NOCIL,30.802614,106.328,8.41
787,NRAIL,9.872685,451.198,34.56
788,NRBBEARING,10.616515,96.196,26.52
789,NRL,,12.352,-47.3
790,NSIL,55.513474,24541.736,162.52
791,NSLNISP,-4.61,52.85,-8.77
792,NTPC,18.550762,173.535,19.7
793,NURECA,,193.502,-2.8
794,NUVOCO,246.75182,248.723,1.37
795,NYKAA,1129.3333,5.198,0.15
796,OAL,46.998253,187.899,11.46
797,OBCL,85.318184,42.423,0.66
798,OBEROIRLTY,30.412685,814.019,63.85
799,OFSS,40.217915,814.232,286.35
800,OIL,9.834206,323.971,51.57
801,OLECTRA,101.5011,119.515,13.69
802,ONGC,7.517601,280.175,32.67
803,ONMOBILE,,61.166,-2.87
804,ONWARDTEC,30.204567,92.399,10.51
805,OPTIEMUS,80.75221,49.673,7.91
806,ORIENTBELL,704.6739,212.241,0.46
807,ORIENTCEM,44.508087,82.918,7.42
808,ORIENTELEC,78.04827,30.528,2.9
809,ORIENTHOT,79.24051,36.022,2.37
810,ORIENTPPR,,76.3,-1.69
811,ORISSAMINE,316.631,-17.9,23.85
812,OSWALAGRO,140.66,62.403,0.5
813,OSWALGREEN,131.75676,96.937,0.37
814,PAGEIND,80.571365,1335.918,555.6
815,PAISALO,15.832214,15.938,2.98
816,PAKKA,30.102146,64.202,9.79
817,PANACEABIO,,133.94,-2.44
818,PANAMAPET,10.050769,182.285,32.5
819,PARADEEP,23.561798,46.076,4.45
820,PARAGMILK,24.607363,80.724,8.15
821,PASUPTAC,9.726817,38.915,3.99
822,PATELENG,13.287917,40.765,3.89
823,PAYTM,,228.401,-10.4
824,PCBL,29.73545,101.077,13.23
825,PCJEWELLER,435.0606,73.588,0.33
826,PDMJEPAPER,10.646926,57.446,13.34
827,PDSL,45.609432,118.333,11.24
828,PEL,,1194.72,-80.91
829,PENIND,25.428932,64.952,7.95
830,PENINLAND,23,7.768,2.15
831,PERSISTENT,72.3085,362.795,80.16
832,PETRONET,12.2761755,126.104,26.36
833,PFC,7.4400687,333.463,64.24
834,PFIZER,38.722862,819.814,134.95
835,PGEL,93.59097,43.863,7.31
836,PGHH,76.30662,238.691,207.98
837,PGHL,38.8738,324.291,131.06
838,PHOENIXLTD,48.217777,374.209,33.75
839,PIDILITIND,78.61074,171.343,37.61
840,PIIND,35.145992,629.41,117.13
841,PILANIINVS,34.921307,13192.66,177.91
842,PITTIENG,37.36088,129.867,35.94
843,PIXTRANS,28.473711,361.604,84.06
844,PLASTIBLEN,17.587038,162.589,13.27
845,PNB,7.6082315,114.728,13.12
846,PNBGILTS,9.206194,82.187,12.27
847,PNBHOUSING,13.264007,610.819,64.43
848,PNC,27.136986,5.068,2.19
849,PNCINFRA,5.9563236,202.106,48.31
850,POCL,43.59013,152.999,19.86
851,PODDARMENT,13.735633,356.933,26.97
852,POKARNA,26.029528,191.048,37.93
853,POLICYBZR,385.99332,134.994,4.48
854,POLYCAB,55.541107,571.449,119.2
855,POLYMED,84.522095,266.964,30.55
856,POLYPLEX,23.960325,1118.463,49.15
857,PONNIERODE,9.146621,691.284,43.65
858,POONAWALLA,66.72608,103.808,5.33
859,POWERGRID,20.080452,99.026,16.78
860,POWERINDIA,246.0579,331.004,46.79
861,POWERMECH,29.058687,581.346,86.9
862,PPAP,,202.065,-5.63
863,PPL,11.789191,152.674,41.08
864,PPLPHARMA,641.4103,59.505,0.39
865,PRAJIND,47.657494,70.739,16.35
866,PRECAM,58.881187,78.785,5.05
867,PRECWIRE,38.06798,30.261,4.56
868,PRESTIGE,96.91325,404.758,16.83
869,PRICOLLTD,33.267254,76.999,13.62
870,PRIMESECU,25.07092,56.227,11.28
871,PRINCEPIPE,35.55929,142.199,11.89
872,PRIVISCL,50.897655,253.965,34.98
873,PROZONER,,33.383,-0.58
874,PRSMJOHNSN,,27.594,-2.33
875,PRUDENT,72.11119,137.182,42.63
876,PSB,46.99,16.912,1
877,PSPPROJECT,25.240541,304.754,24.32
878,PTC,10.424492,173.709,15.76
879,PTL,17.762115,63.705,2.27
880,PUNJABCHEM,30.974472,286.868,32.12
881,PVRINOX,,725.908,-31.36
882,PYRAMID,26.066391,58.491,7.23
883,QUESS,27.174189,194.267,23.71
884,QUICKHEAL,97.04698,81.097,5.96
885,RACE,128.48314,42.255,2.67
886,RADHIKAJWE,23.429235,24.456,4.31
887,RADIANTCMS,17.847456,23.32,4.13
888,RADICO,106.28604,191.683,21.5
889,RADIOCITY,66.5,16.027,0.18
890,RAILTEL,44.870846,58.745,8.13
891,RAIN,,210.576,-45.25
892,RAINBOW,69.45004,132.352,22.82
893,RAJESHEXPO,180.11539,516.389,1.3
894,RAJRATAN,34.278877,106.299,14.63
895,RALLIS,41.560055,98.949,7.66
896,RAMANEWS,,6.249,-1.97
897,RAMAPHO,,199.409,-12.54
898,RAMASTEEL,31.500002,2.17,0.38
899,RAMCOCEM,78.22434,315.476,12.08
900,RAMCOIND,18.959763,491.881,15.16
901,RAMKY,15.519931,247.43,34.62
902,RAMRAT,43.713234,96.786,13.6
903,RANASUG,20.04301,33.363,0.93
904,RANEHOLDIN,9.763415,746.626,182.81
905,RATEGAIN,43.098064,132.152,16.01
906,RATNAMANI,0.39069545,448.058,8872
907,RAYMOND,6.5310884,539.46,252.99
908,RBA,,10.704,-4.65
909,RBL,15.395297,360.338,58.69
910,RBLBANK,8.159668,255.482,19.29
911,RCF,42.924374,83.484,3.57
912,RECLTD,8.974473,279.164,56.41
913,REDINGTON,12.504175,97.636,15.57
914,REDTAPE,70.47452,46.919,11.38
915,REFEX,49.051094,40.247,9.59
916,RELAXO,87.65193,81.029,7.24
917,RELIANCE,25.237337,605.573,50.14
918,RELIGARE,38.202473,71.013,6.47
919,RENUKA,,-7.417,-2.22
920,REPCOHOME,6.2547073,477.195,71.69
921,REPL,24.858479,71.281,7.49
922,REPRO,282,270.946,1.85
923,RESPONIND,36.17021,46.35,7.05
924,RGL,22.63849,125.225,7.69
925,RHIM,,189.202,-4.89
926,RICOAUTO,30.017546,52.75,2.85
927,RIIL,116.38826,312.998,8.86
928,RISHABH,68.554855,146.32,4.74
929,RITES,33.202656,53.807,8.29
930,RKFORGE,46.29986,162.768,20.81
931,RML,533.3113,158.933,1.51
932,ROHLTD,17.620808,69.549,17.59
933,ROLEXRINGS,34.4106,366.271,57.94
934,ROSSARI,30.9501,202.137,25.05
935,ROSSELLIND,9.793814,78.75,7.76
936,ROTO,40.426422,31.034,5.98
937,ROUTE,23.760323,352.681,59.33
938,RPGLIFE,46.67174,229.435,42.68
939,RPSGVENT,,799.834,-47.09
940,RSWM,,275.443,-6.52
941,RSYSTEMS,40.30875,50.904,11.66
942,RTNINDIA,11.83077,6.078,5.2
943,RUBYMILLS,18.011198,179.518,11.61
944,RUCHIRA,7.588983,138.81,16.52
945,RUPA,26.088364,124.174,9.28
946,RUSHIL,21.385134,21.592,1.48
947,RUSTOMJEE,56.49684,216.634,12.66
948,RVNL,65.14729,42.291,6.45
949,SADHNANIQ,743.1667,9.172,0.06
950,SAFARI,75.73485,182.485,33
951,SAGCEM,,144.994,-6.08
952,SAH,310.03333,36.582,0.3
953,SAHYADRI,15.44,328.897,20
954,SAIL,18.496721,138.482,6.1
955,SAKAR,53.70544,243.801,5.33
956,SAKHTISUG,4.4806867,9.923,6.99
957,SALASAR,47.676468,4.072,0.34
958,SALONA,25.004148,151.61,12.05
959,SALZERELEC,26.77031,272.375,37.79
960,SAMMAANCAP,,350.217,-29.43
961,SANDESH,5.4381523,1667.025,288.37
962,SANDHAR,23.687386,177.453,21.56
963,SANDUMA,19.73782,133.198,21.55
964,SANGAMIND,47.811245,197.915,7.47
965,SANOFI,26.286526,297.257,230.31
966,SANSERA,41.298775,270.085,35.88
967,SAPPHIRE,527.0175,42.217,0.57
968,SARDAEN,24.097788,110.353,17.18
969,SAREGAMA,46.51996,80.59,9.77
970,SARLAPOLY,12.991045,55.526,6.7
971,SASKEN,49.44795,520.713,42.84
972,SASTASUNDR,24.703947,239.661,12.16
973,SATIA,6.733333,99.212,14.25
974,SATIN,4.071917,218.283,36.57
975,SATINDLTD,17.017916,89.959,6.14
976,SBCL,40.699425,63.818,13.94
977,SBFC,30.2043,27.507,2.79
978,SBGLP,,3.58,-0.64
979,SBICARD,29.27218,137.557,23.22
980,SBILIFE,68.345604,162.462,21.73
981,SBIN,10.177725,518.846,80.18
982,SCHAEFFLER,58.457703,311.259,58.16
983,SCHAND,17.4085,248.918,11.53
984,SCI,10.038199,173.139,21.99
985,SDBL,20.48898,28.82,4.99
986,SELAN,22.638817,285.519,37.82
987,SENCO,43.8,175.736,25.5
988,SEPC,147.4,8.585,0.15
989,SEQUENT,310.90768,26.366,0.65
990,SESHAPAPER,9.020781,326.428,31.76
991,SFL,56.74712,274.994,13.88
992,SHAILY,68.84808,107.883,15.93
993,SHALBY,43.76626,65.249,4.92
994,SHALPAINTS,,41.357,-10.12
995,SHANKARA,18.975,338.675,32
996,SHANTIGEAR,42.32627,49.119,11.8
997,SHARDACROP,33.368572,254.204,24.12
998,SHARDAMOTR,17.66845,338.323,108.49
999,SHAREINDIA,12.318449,109.709,22.17
1000,SHILPAMED,137.26315,208.37,6.65
1001,SHIVALIK,70.61449,333.666,7.73
1002,SHIVAMILLS,,111.3,-2.58
1003,SHK,337.78482,87.618,0.79
1004,SHOPERSTOP,402.46667,23.857,1.5
1005,SHREDIGCEM,16.7,26.604,5.1
1006,SHREECEM,51.54191,5954.583,481.06
1007,SHREEPUSHK,18.068027,149.752,14.7
1008,SHREYAS,,347.837,-22.93
1009,SHRIRAMFIN,13.417683,1393.433,212.41
1010,SHRIRAMPPS,30.452309,74.974,3.25
1011,SHYAMMETL,26.895468,367.204,30.23
1012,SIEMENS,99.16606,391.049,69.07
1013,SIGACHI,29.648148,13.091,1.62
1014,SIGMA,18.080229,29.402,17.45
1015,SILINV,21.367235,2073.619,32.84
1016,SILVERTUC,47.650642,94.286,14.77
1017,SINTERCOM,319.31818,33.058,0.44
1018,SIRCA,37.1437,56.32,8.49
1019,SIS,34.757545,181.246,10.93
1020,SIYSIL,16.162844,264.179,42.31
1021,SJS,34.28375,194.17,32.74
1022,SJVN,41.856033,37.096,2.57
1023,SKFINDIA,41.177116,542.65,113.54
1024,SKIPPER,55.617153,91.335,9.56
1025,SKMEGGPROD,13.300868,111.3,16.12
1026,SMCGLOBAL,7.0470195,112.946,20.63
1027,SMLISUZU,18.825602,197.344,85.15
1028,SMSLIFE,13.922895,584.841,72.37
1029,SMSPHARMA,34.400852,63.357,7.01
1030,SNOWMAN,140.26924,25.02,0.52
1031,SOBHA,298.4066,265.069,5.46
1032,SOLARINDS,89.856316,365.3,111.7
1033,SOMANYCERA,32.321068,180.456,19.84
1034,SONACOMS,71.13071,87.934,9.64
1035,SONATSOFTW,55.181087,54.096,9.94
1036,SOTL,19.548428,234.69,24.47
1037,SOUTHBANK,4.232075,35.887,5.3
1038,SPAL,23.884357,304.33,34.33
1039,SPANDANA,28.65279,491.827,12.73
1040,SPCENET,110.75,1.914,0.2
1041,SPECIALITY,24.862968,63.874,6.13
1042,SPENCERS,,-60.584,-29.16
1043,SPIC,13.782444,52.82,5.24
1044,SPLIL,12.69266,68.681,4.36
1045,SPLPETRO,31.582075,111.669,21.87
1046,SPORTKING,12.824011,74.998,7.33
1047,SREEL,22.170687,180.311,10.78
1048,SRF,56.688942,404.437,38.16
1049,SRGHFL,19.240837,141.578,17.19
1050,SRHHYPOLTD,15.702906,466.426,42.68
1051,SSWL,4.83926,97.599,42.18
1052,STAR,77.53866,247.041,19.4
1053,STARCEMENT,36.716328,66.97,4.9
1054,STARHEALTH,31.769178,119.762,14.47
1055,STARPAPER,5.5029507,414.736,37.28
1056,STCINDIA,18.486925,-771.143,8.03
1057,STEELCAS,24.709791,133.209,30.84
1058,STEELCITY,13.49491,83.632,7.86
1059,STEELXIND,48.523808,4.935,0.21
1060,STERTOOLS,32.72002,124.113,18.18
1061,STLTECH,,58.76,-4.54
1062,STOVEKRAFT,75.37645,138.159,10.36
1063,STYLAMIND,30.666191,345.239,77.08
1064,STYRENIX,19.561161,457.548,122.71
1065,SUBEXLTD,,6.018,-3.11
1066,SUBROS,30.740366,155.469,19.72
1067,SUDARSCHEM,50.710526,174.256,19
1068,SUKHJITS,15.033948,169.9,17.38
1069,SULA,39.15597,65.166,10.13
1070,SUMICHEM,53.181816,54.33,9.68
1071,SUMMITSEC,32.76375,10299.24,98.2
1072,SUNDARMFIN,29.529158,1134.985,141.98
1073,SUNDARMHLD,11.72093,252.456,25.8
1074,SUNDRMFAST,44.218506,173.151,26.04
1075,SUNFLAG,23.89672,286.525,8.23
1076,SUNPHARMA,38.943604,288.721,46.1
1077,SUNTECK,49.975964,213.276,10.4
1078,SUNTV,15.915237,267.354,46.6
1079,SUPERHOUSE,17.50741,417.356,11.47
1080,SUPRAJIT,45.175526,79.33,9.97
1081,SUPREMEIND,52.88388,417.596,86.03
1082,SUPRIYA,41.25,112.085,19.56
1083,SURYALAXMI,87.11236,137.209,0.89
1084,SURYAROSNI,19.167233,199.695,29.48
1085,SURYODAY,6.6671247,181.097,21.84
1086,SUTLEJTEX,,58.665,-5.23
1087,SUZLON,75.73,3.29,
1088,SUVENPHAR,135.47594,80.556,9.56
1089,SWANENERGY,27.850023,200.311,21.07
1090,SWARAJENG,23.863934,281.429,121.78
1091,SWELECTES,26.528904,553.554,38.23
1092,SYMPHONY,41.495865,105.72,33.86
1093,SYNGENE,72.26102,109.37,12.03
1094,SYRMA,88.77946,92.512,5.94
1095,TAJGVK,24.398523,92.328,13.55
1096,TANLA,16.933798,157.003,40.18
1097,TARSONS,59.63077,115.133,6.5
1098,TASTYBITE,180.40498,1116.808,59.51
1099,TATACHEM,,870.639,-13.38
1100,TATACOMM,53.448647,62.361,32.52
1101,TATACONSUM,79.16248,198.448,11.94
1102,TATAELXSI,50.19395,399.27,131.22
1103,TATAMOTORS,8.781083,293.845,90.08
1104,TATAMTRDVR,8.635382,221.588,88.01
1105,TATAPOWER,35.33305,107.133,11.71
1106,TATASTEEL,59.991592,72.468,2.38
1107,TATVA,109.80026,322.146,7.51
1108,TBZ,23.91649,90.144,9.46
1109,TCI,21.825005,256.757,48.63
1110,TCIEXP,28.584255,194.645,28.96
1111,TCNSBRANDS,,,
1112,TCPLPACK,23.940695,625.967,128.15
1113,TCS,32.46596,280.521,130.74
1114,TDPOWERSYS,51.849075,49.41,8.68
1115,TEAMLEASE,43.904087,503.551,62.14
1116,TECHM,47.305088,298.711,36.94
1117,TEGA,67.14286,179.125,25.34
1118,TEJASNET,48.97053,211.956,26.13
1119,TEMBO,35.78039,76.547,19.99
1120,TEXINFRA,255.48936,142.673,0.47
1121,TEXRAIL,35.43566,66.951,5.44
1122,TFCILTD,15.3395,125.844,10.81
1123,THANGAMAYL,57.54186,188.196,34.64
1124,THEMISMED,50.339134,44.68,5.75
1125,THERMAX,68.041534,394.226,65.97
1126,THYROCARE,60.477547,91.336,15.81
1127,TI,38.88517,38.655,8.97
1128,TIDEWATER,24.320467,486.906,87.56
1129,TIIL,21.76199,729.48,114.7
1130,TIINDIA,81.026115,275.808,42.88
1131,TIMETECHNO,24.532621,118.086,15.94
1132,TIMKEN,62.66432,343.561,52.64
1133,TIPSINDLTD,61.198566,13.977,11.18
1134,TIRUMALCHM,,113.789,-3.28
1135,TITAGARH,47.76712,174.775,22.93
1136,TITAN,90.52531,109.807,36.55
1137,TMB,6.227541,532.486,71.24
1138,TNPETRO,19.16953,95.526,4.07
1139,TNPL,15.579343,301.937,10.65
1140,TOKYOPLAST,131.2766,64.961,0.94
1141,TORNTPHARM,59.36458,221.476,53.35
1142,TORNTPOWER,32.506428,277.096,46.68
1143,TRACXN,3641,6.846,0.02
1144,TREL,5.0638,49.226,7.21
1145,TRENT,130.34482,133.103,51.04
1146,TRIDENT,50.70968,8.758,0.62
1147,TRITURBINE,69.07071,34.172,9.9
1148,TRIVENI,26.214691,153.044,14.16
1149,TRU,21.362637,19.974,0.91
1150,TTKHLTCARE,26.430336,734.946,56.63
1151,TTKPRESTIG,54.646526,134.824,15.56
1152,TTL,30.577436,37.341,5.23
1153,TTML,,-97.253,-6.49
1154,TVSELECT,,52.97,-2
1155,TVSHLTD,27.00604,1634.98,430.35
1156,TVSMOTOR,60.889027,163.351,39.65
1157,TVSSCS,228.83334,41.775,0.78
1158,TVSSRICHAK,42.276104,1452.426,84.75
1159,TVTODAY,11.186906,147.207,16.8
1160,UBL,103.84422,159.852,17.91
1161,UCOBANK,22.755434,23.543,1.84
1162,UFLEX,,1000.528,-69.42
1163,UGARSUGAR,,20.886,-0.75
1164,UGROCAP,16.660187,213.301,13.89
1165,UJJIVANSFB,5.4003353,30.541,5.97
1166,ULTRACEMCO,50.162277,2128.964,226.77
1167,UNICHEMLAB,,335.543,-0.77
1168,UNIDT,38.81457,124.546,6.04
1169,UNIENTER,27.055956,298.43,5.54
1170,UNIONBANK,5.6725836,140.908,20.28
1171,UNIPARTS,18.618896,194.939,22.12
1172,UNITDSPR,74.97002,107.43,20.01
1173,UNITEDTEA,12.375036,428.746,35.01
1174,UNIVCABLES,21.277897,525.153,27.78
1175,UNIVPHOTO,,788.907,-158.17
1176,UNOMINDA,66.29583,92.76,16.09
1177,UPL,6.2071238,318.92,91.25
1178,USHAMART,28.02425,84.235,14.02
1179,UTIAMC,19.747421,286.599,65.92
1180,UTKARSHBNK,8.586699,28.58,4.21
1181,UTTAMSUGAR,9.855821,182.508,28.09
1182,VADILALIND,17.186502,754.498,213.08
1183,VAIBHAVGBL,37.242546,75.976,7.38
1184,VAISHALI,272.6667,3.997,0.06
1185,VAKRANGEE,398.16666,2.031,0.06
1186,VALIANTORG,,264.476,-13.95
1187,VARDHACRLC,25.129808,28.353,2.08
1188,VARROC,14.6812525,97.982,34.51
1189,VASCONEQ,21.92531,44.773,2.41
1190,VBL,78.72286,26.404,7.83
1191,VEDL,14.924598,96.993,29.84
1192,VENKEYS,21.963127,1024.832,77.02
1193,VENUSPIPES,33.205235,200.085,48.92
1194,VESUVIUS,40.692722,642.086,128.84
1195,VETO,13.551908,128.827,9.44
1196,VGUARD,60.743744,44.169,6.79
1197,VHL,7.8937955,10330.991,631.99
1198,VIDHIING,62.961742,56.107,7.58
1199,VIJAYA,94.8406,70.697,12.86
1200,VIMTALABS,34.323597,144.198,22.25
1201,VINATIORGA,51.52113,237.452,35.73
1202,VINDHYATEL,9.971255,3490.136,194.82
1203,VINYLINDIA,25.463379,62.451,13.38
1204,VIPIND,,45.507,-3.21
1205,VISAKAIND,,87.1,-1.46
1206,VISHNU,25.355104,107.004,15.77
1207,VISHWARAJ,,12.841,-0.31
1208,VLSFINANCE,4.2785845,857.179,88.16
1209,VMART,,357.679,-27.92
1210,VOLTAMP,28.206783,1401.283,339
1211,VOLTAS,98.65155,189.778,16.76
1212,VPRPL,26.12145,60.796,10.21
1213,VRLLOG,55.71058,108.129,9.64
1214,VSSL,20.188463,92.767,13
1215,VSTIND,22.013985,66.701,14.3
1216,VSTTILLERS,31.996656,1128.119,137.53
1217,VTL,15.717096,331.343,27.96
1218,WABAG,40.59564,316.192,41.72
1219,WELCORP,16.800959,230.14,41.7
1220,WELENT,18.571718,178.707,24.68
1221,WELSPUNLIV,20.14885,47.616,7.39
1222,WENDT,77.80423,1148.35,206.67
1223,WESTLIFE,500.07092,33.241,1.41
1224,WHEELS,17.654228,362.121,39.39
1225,WHIRLPOOL,74.23465,298.143,23.78
1226,WINDLAS,32.946213,216.33,29.19
1227,WIPRO,25.52009,156.608,22.4
1228,WONDERLA,33.702103,205.3,24.27
1229,WORTH,11.663691,100.912,10.08
1230,WSTCSTPAPR,7.899741,490.804,69.42
1231,XCHANGING,40.247147,29.635,2.63
1232,XPROINDIA,52.4508,263.162,21.85
1233,YASHO,57.978542,260.426,29.36
1234,YATHARTH,40.26645,108.13,15.2
1235,YESBANK,32.559322,14.755,0.59
1236,YUKEN,53.639557,215.004,19.92
1237,ZEEL,28.09832,117.196,4.17
1238,ZEEMEDIA,,3.632,-1.63
1239,ZENSARTECH,25.547342,163.75,28.41
1240,ZFCVINDIA,66.925735,1562.393,215.84
1241,ZIMLAB,31.640486,48.998,3.31
1242,ZOMATO,310.82355,24.225,0.85
1243,ZOTA,,34.858,-9.26
1244,ZUARI,5.131375,422.103,42.55
1245,ZUARIIND,1.2543464,1296.116,250.21
1246,ZYDUSLIFE,22.388535,217.001,42.39
1247,ZYDUSWELL,38.13632,862.263,50.25
