Unnamed: 0,Symbol,Series,Date,PrevClose,Open,High,Low,LastPrice,Close,AveragePrice,TotalTradedQty,TotalTradedValue,TotalTrades,DeliverableQty,DeliveryPercentage,Spread
0.0,IIFLWAM,EQ,2022-09-12,1749.2,1755.75,1757.95,1717.35,1723.85,1730.95,1733.8,12191,21136706.0,1862,5510,45.2,24.799999999999955
1.0,IIFLWAM,EQ,2022-09-13,1730.95,1730.95,1762.75,1701.75,1717.15,1708.7,1729.0,46881,81057082.1,11476,14573,31.09,22.25
2.0,IIFLWAM,EQ,2022-09-14,1708.7,1683.05,1743.8,1672.0,1720.0,1709.85,1715.28,16112,27636603.45,4013,5150,31.96,-26.799999999999955
3.0,IIFLWAM,EQ,2022-09-15,1709.85,1720.0,1730.5,1700.55,1706.85,1706.7,1708.94,18679,31921279.25,2674,12615,67.54,13.299999999999956
4.0,IIFLWAM,EQ,2022-09-16,1706.7,1702.75,1877.0,1690.85,1805.2,1819.15,1803.01,291826,526165640.25,26716,77860,26.68,-116.40000000000008
5.0,IIFLWAM,EQ,2022-09-19,1819.15,1828.25,1850.0,1802.05,1819.0,1819.8,1825.14,55566,101415971.45,9746,22542,40.57,8.450000000000045
6.0,IIFLWAM,EQ,2022-09-20,1819.8,1848.0,1945.0,1820.9,1894.0,1890.55,1893.77,148458,281144933.85,14041,83658,56.35,-42.54999999999996
7.0,IIFLWAM,EQ,2022-09-21,1890.55,1935.0,1937.8,1856.05,1872.75,1877.5,1891.8,59874,113269536.0,7500,25898,43.25,57.5
8.0,IIFLWAM,EQ,2022-09-22,1877.5,1884.55,1886.9,1832.5,1835.0,1847.25,1869.28,30117,56297086.05,2763,21797,72.37,37.29999999999996
9.0,IIFLWAM,EQ,2022-09-23,1847.25,1830.0,1844.4,1738.0,1747.3,1755.05,1761.16,44030,77544008.4,6109,23860,54.19,74.95000000000005
10.0,IIFLWAM,EQ,2022-09-26,1755.05,1734.3,1774.25,1706.2,1707.1,1715.95,1738.52,27827,48377931.45,5826,15736,56.55,18.34999999999991
11.0,IIFLWAM,EQ,2022-09-27,1715.95,1718.65,1800.0,1712.4,1799.8,1792.95,1759.55,34531,60759161.95,6653,19333,55.99,-74.29999999999995
12.0,IIFLWAM,EQ,2022-09-28,1792.95,1790.0,1790.0,1729.95,1787.8,1773.35,1765.21,12277,21671439.55,2785,6663,54.27,16.65000000000009
13.0,IIFLWAM,EQ,2022-09-29,1773.35,1780.95,1814.0,1730.0,1765.0,1760.3,1769.92,26779,47396569.9,6566,14424,53.86,20.65000000000009
14.0,IIFLWAM,EQ,2022-09-30,1760.3,1751.6,1850.0,1725.6,1845.0,1840.3,1818.26,56218,102218942.1,11217,33533,59.65,-88.70000000000005
16.0,IIFLWAM,EQ,2022-10-03,1840.3,1839.2,1900.0,1826.75,1876.95,1874.75,1876.33,40452,75901192.55,7785,25172,62.23,-35.549999999999955
17.0,IIFLWAM,EQ,2022-10-04,1874.75,1900.0,1900.0,1828.5,1832.4,1846.2,1857.41,24827,46113829.1,9349,12857,51.79,53.79999999999996
18.0,IIFLWAM,EQ,2022-10-06,1846.2,1855.45,1855.45,1800.0,1811.0,1810.0,1814.51,18042,32737305.1,3994,7065,39.16,45.450000000000045
19.0,IIFLWAM,EQ,2022-10-07,1810.0,1797.1,1854.4,1790.05,1816.3,1830.6,1834.22,31591,57944869.55,7134,16089,50.93,-33.5
20.0,IIFLWAM,EQ,2022-10-10,1830.6,1810.25,1810.35,1765.0,1773.2,1782.45,1800.43,14158,25490552.0,2203,10003,70.65,27.799999999999955
21.0,IIFLWAM,EQ,2022-10-11,1782.45,1794.9,1820.0,1779.0,1783.05,1809.95,1807.55,14471,26157104.15,3458,7785,53.8,-15.049999999999956
22.0,IIFLWAM,EQ,2022-10-12,1809.95,1804.95,1810.45,1774.55,1805.0,1801.9,1798.11,14695,26423239.6,2571,7545,51.34,3.0499999999999545
23.0,IIFLWAM,EQ,2022-10-13,1801.9,1801.9,1801.9,1755.0,1765.3,1761.85,1764.95,12926,22813729.2,4088,6926,53.58,40.05000000000018
24.0,IIFLWAM,EQ,2022-10-14,1761.85,1772.1,1823.85,1772.1,1805.0,1808.1,1811.81,65103,117954223.15,17231,46328,71.16,-36.0
25.0,IIFLWAM,EQ,2022-10-17,1808.1,1814.85,1895.95,1794.35,1870.0,1882.65,1861.28,108695,202312034.1,13352,63997,58.88,-67.80000000000018
26.0,IIFLWAM,EQ,2022-10-18,1882.65,1882.65,1900.0,1856.35,1873.6,1884.35,1888.31,49732,93909318.9,10704,27388,55.07,-1.699999999999818
27.0,IIFLWAM,EQ,2022-10-19,1884.35,1888.35,1900.0,1865.05,1899.0,1894.8,1887.76,15057,28423939.65,2473,9417,62.54,-6.4500000000000455
28.0,IIFLWAM,EQ,2022-10-20,1894.8,1900.0,1900.0,1789.8,1825.05,1808.55,1819.43,76040,138349401.5,8354,46114,60.64,91.45000000000005
29.0,IIFLWAM,EQ,2022-10-21,1808.55,1817.6,1844.65,1730.0,1732.0,1749.1,1776.26,21285,37807621.75,3535,8898,41.8,68.5
30.0,IIFLWAM,EQ,2022-10-24,1749.1,1769.0,1794.0,1752.2,1778.0,1763.85,1769.11,3128,5533760.8,419,2014,64.39,5.150000000000091
31.0,IIFLWAM,EQ,2022-10-25,1763.85,1771.7,1782.3,1721.65,1760.0,1760.5,1756.86,56530,99315141.1,7353,41327,73.11,11.200000000000044
32.0,IIFLWAM,EQ,2022-10-27,1760.5,1772.2,1804.95,1770.3,1796.0,1795.45,1790.55,33629,60214491.05,7544,22626,67.28,-23.25
33.0,IIFLWAM,EQ,2022-10-28,1795.45,1788.95,1814.9,1705.7,1803.8,1804.2,1767.52,38703,68408332.1,7981,18749,48.44,-15.25
34.0,IIFLWAM,EQ,2022-10-31,1804.2,1813.25,1829.45,1761.0,1775.0,1771.4,1785.48,114448,204344276.05,27107,71971,62.89,41.84999999999991
35.0,IIFLWAM,EQ,2022-11-01,1771.4,1776.25,1834.0,1776.25,1789.55,1796.5,1805.4,49214,88851198.35,12446,27599,56.08,-20.25
36.0,IIFLWAM,EQ,2022-11-02,1796.5,1793.15,1885.0,1783.55,1835.0,1840.4,1859.68,74148,137891208.3,12078,30790,41.53,-47.25
37.0,IIFLWAM,EQ,2022-11-03,1840.4,1838.9,1870.0,1826.75,1826.75,1846.3,1847.01,25261,46657336.15,6292,12434,49.22,-7.399999999999864
38.0,IIFLWAM,EQ,2022-11-04,1846.3,1850.0,1850.0,1801.95,1805.0,1818.0,1824.36,6655,12141110.3,2594,3402,51.12,32.0
39.0,IIFLWAM,EQ,2022-11-07,1818.0,1828.0,1850.0,1802.0,1840.0,1835.05,1822.81,17131,31226608.55,4476,9923,57.92,-7.0499999999999545
40.0,IIFLWAM,EQ,2022-11-09,1835.05,1837.95,1844.25,1733.75,1756.0,1772.35,1795.48,17507,31433395.85,3662,10629,60.71,65.60000000000014
41.0,IIFLWAM,EQ,2022-11-10,1772.35,1765.0,1790.9,1740.8,1760.0,1784.75,1766.59,21506,37992218.45,5774,13300,61.84,-19.75
42.0,IIFLWAM,EQ,2022-11-11,1784.75,1790.0,1813.45,1760.0,1761.25,1767.25,1768.58,15208,26896502.3,1711,11101,72.99,22.75
43.0,IIFLWAM,EQ,2022-11-14,1767.25,1764.0,1772.85,1745.05,1750.05,1755.25,1760.24,24626,43347633.8,5105,17754,72.09,8.75
44.0,IIFLWAM,EQ,2022-11-15,1755.25,1752.0,1830.0,1751.0,1751.0,1767.35,1788.12,18478,33040806.2,3387,7905,42.78,-15.349999999999907
45.0,IIFLWAM,EQ,2022-11-16,1767.35,1792.0,1792.0,1765.0,1776.5,1777.55,1775.7,16672,29604488.15,3562,11708,70.23,14.450000000000044
46.0,IIFLWAM,EQ,2022-11-17,1777.55,1770.0,1784.5,1766.45,1770.0,1774.1,1774.09,3579,6349450.6,1150,1981,55.35,-4.099999999999909
47.0,IIFLWAM,EQ,2022-11-18,1774.1,1769.7,1786.4,1760.0,1760.0,1770.85,1767.54,8032,14196863.5,1421,3540,44.07,-1.1499999999998636
48.0,IIFLWAM,EQ,2022-11-21,1770.85,1770.85,1790.95,1761.1,1785.0,1773.1,1777.13,7091,12601620.15,1796,3775,53.24,-2.25
49.0,IIFLWAM,EQ,2022-11-22,1773.1,1769.25,1785.75,1766.0,1776.0,1773.05,1775.58,2130,3781987.6,764,1315,61.74,-3.7999999999999545
50.0,IIFLWAM,EQ,2022-11-23,1773.05,1773.05,1800.9,1764.2,1780.0,1778.6,1781.29,8326,14831001.7,2621,4585,55.07,-5.5499999999999545
51.0,IIFLWAM,EQ,2022-11-24,1778.6,1786.0,1841.25,1710.0,1823.0,1820.15,1819.71,37236,67758685.35,6758,20507,55.07,-34.15000000000009
52.0,IIFLWAM,EQ,2022-11-25,1820.15,1820.15,1820.15,1764.05,1764.05,1771.25,1790.13,6120,10955570.9,1612,3994,65.26,48.90000000000009
53.0,IIFLWAM,EQ,2022-11-28,1771.25,1756.0,1809.3,1756.0,1792.0,1796.9,1776.63,22473,39926259.15,3303,16582,73.79,-40.90000000000009
54.0,IIFLWAM,EQ,2022-11-29,1796.9,1775.05,1924.0,1775.05,1850.0,1865.05,1876.22,139181,261133592.7,21634,33530,24.09,-90.0
55.0,IIFLWAM,EQ,2022-11-30,1865.05,1874.4,1915.95,1801.8,1821.8,1828.55,1886.49,566638,1068956429.5,11587,493449,87.08,45.850000000000136
56.0,IIFLWAM,EQ,2022-12-01,1828.55,1837.9,1849.9,1806.05,1848.0,1826.35,1831.79,259108,474631083.8,6125,244223,94.26,11.550000000000182
57.0,IIFLWAM,EQ,2022-12-02,1826.35,1843.7,1850.0,1765.05,1781.65,1797.85,1787.47,236456,422657122.45,12581,184418,77.99,45.850000000000136
58.0,IIFLWAM,EQ,2022-12-05,1797.85,1800.0,1823.95,1776.55,1788.0,1798.7,1803.4,292803,528042259.15,3397,276302,94.36,1.2999999999999543
59.0,IIFLWAM,EQ,2022-12-06,1798.7,1788.0,1800.0,1762.9,1778.85,1771.8,1789.67,506850,907093870.5,3578,488306,96.34,16.200000000000045
60.0,IIFLWAM,EQ,2022-12-07,1771.8,1760.0,1795.0,1760.0,1771.0,1786.25,1761.78,273325,481539510.2,5519,258384,94.53,-26.25
61.0,IIFLWAM,EQ,2022-12-08,1786.25,1786.15,1794.0,1765.05,1786.0,1784.15,1776.3,21999,39076835.65,5825,13329,60.59,2.0
62.0,IIFLWAM,EQ,2022-12-09,1784.15,1780.0,1794.65,1765.0,1788.0,1774.3,1775.12,27610,49010943.8,5558,19134,69.3,5.7000000000000455
63.0,IIFLWAM,EQ,2022-12-12,1774.3,1750.15,1795.65,1750.15,1765.0,1774.75,1771.63,22481,39828043.1,4920,13518,60.13,-24.59999999999991
64.0,IIFLWAM,EQ,2022-12-13,1774.75,1774.65,1881.45,1770.1,1827.0,1815.65,1810.92,3272420,5926076403.5,18460,3171871,96.93,-41.0
65.0,IIFLWAM,EQ,2022-12-14,1815.65,1835.0,1899.0,1806.55,1825.0,1824.95,1848.24,130059,240379795.35,18303,43890,33.75,10.049999999999956
66.0,IIFLWAM,EQ,2022-12-15,1824.95,1823.3,1834.0,1793.0,1808.0,1820.35,1820.13,26817,48810546.15,3919,12751,47.55,2.950000000000045
67.0,IIFLWAM,EQ,2022-12-16,1820.35,1800.0,1860.0,1786.5,1860.0,1843.85,1836.91,42935,78867525.4,6155,28513,66.41,-43.84999999999991
68.0,IIFLWAM,EQ,2022-12-19,1843.85,1856.0,1870.0,1814.8,1823.15,1823.1,1836.72,22968,42185775.8,5947,9884,43.03,32.90000000000009
69.0,IIFLWAM,EQ,2022-12-20,1823.1,1818.15,1827.45,1781.0,1795.0,1789.8,1797.0,13534,24320650.05,3316,5566,41.13,28.350000000000136
70.0,IIFLWAM,EQ,2022-12-21,1789.8,1824.9,1914.45,1754.9,1766.65,1773.25,1802.2,69456,125173806.2,8908,30156,43.42,51.65000000000009
71.0,IIFLWAM,EQ,2022-12-22,1773.25,1780.0,1792.3,1740.25,1779.9,1773.25,1762.09,55953,98594322.1,5946,42243,75.5,6.75
72.0,IIFLWAM,EQ,2022-12-23,1773.25,1773.25,1773.25,1738.1,1748.95,1749.0,1751.8,35432,62069723.95,9123,18670,52.69,24.25
73.0,IIFLWAM,EQ,2022-12-26,1749.0,1726.6,1773.95,1726.6,1772.75,1754.05,1757.55,23455,41223256.7,4140,10294,43.89,-27.450000000000045
74.0,IIFLWAM,EQ,2022-12-27,1754.05,1762.85,1783.95,1754.75,1775.0,1763.5,1769.1,9427,16677328.65,2591,2426,25.73,-0.650000000000091
75.0,IIFLWAM,EQ,2022-12-28,1763.5,1755.95,1772.35,1740.0,1755.0,1753.1,1758.36,27607,48543032.5,6567,15645,56.67,2.8500000000001364
76.0,IIFLWAM,EQ,2022-12-29,1753.1,1755.0,1769.9,1743.75,1758.0,1758.1,1760.22,21110,37158291.7,3521,14564,68.99,-3.099999999999909
77.0,IIFLWAM,EQ,2022-12-30,1758.1,1756.85,1788.5,1751.0,1785.0,1776.5,1771.78,27171,48140984.7,4614,13943,51.32,-19.65000000000009
78.0,IIFLWAM,EQ,2023-01-02,1776.5,1777.05,1811.45,1773.55,1790.0,1783.3,1789.73,26102,46715532.75,4616,16751,64.18,-6.25
79.0,IIFLWAM,EQ,2023-01-03,1783.3,1782.0,1803.85,1752.6,1780.0,1775.1,1783.95,37748,67340696.05,3136,31015,82.16,6.900000000000091
80.0,IIFLWAM,EQ,2023-01-04,1775.1,1772.35,1806.65,1772.0,1784.0,1778.9,1783.53,6567,11712424.2,1495,2834,43.16,-6.550000000000182
81.0,IIFLWAM,EQ,2023-01-05,1778.9,1778.3,1805.35,1749.1,1792.75,1789.9,1778.43,53660,95430518.25,4970,40222,74.96,-11.600000000000136
82.0,IIFLWAM,EQ,2023-01-06,1789.9,1790.0,1793.95,1754.35,1774.35,1775.25,1775.46,11044,19608187.55,2331,5558,50.33,14.75
83.0,IIFLWAM,EQ,2023-01-09,1775.25,1784.15,1795.0,1769.1,1784.0,1781.0,1779.57,12682,22568528.7,2821,6513,51.36,3.150000000000091
84.0,IIFLWAM,EQ,2023-01-10,1781.0,1775.55,1798.0,1768.0,1785.0,1788.35,1790.62,13330,23868998.25,4229,6683,50.14,-12.799999999999956
85.0,IIFLWAM,EQ,2023-01-11,1788.35,1785.55,1795.0,1740.0,1757.0,1758.35,1778.16,32598,57964441.6,7874,19688,60.4,27.200000000000045
86.0,IIFLWAM,EQ,2023-01-12,1758.35,1887.0,1907.0,1777.05,1800.0,1799.5,1807.53,298188,538983723.05,20326,89444,30.0,87.5
87.0,IIFLWAM,EQ,2023-01-13,1799.5,1800.0,1815.95,1777.95,1785.0,1783.2,1789.81,63961,114477989.1,8449,35441,55.41,16.799999999999955
88.0,IIFLWAM,EQ,2023-01-16,1783.2,1793.55,1868.7,1793.55,1838.0,1831.35,1829.31,90823,166143719.25,10408,34143,37.59,-37.79999999999996
89.0,IIFLWAM,EQ,2023-01-17,1831.35,1841.2,1857.9,1815.0,1830.0,1840.05,1843.92,45553,83995911.7,5431,21487,47.17,1.150000000000091
90.0,IIFLWAM,EQ,2023-01-18,1840.05,1850.05,1869.5,1841.55,1869.5,1865.65,1857.49,33354,61954755.65,4050,16194,48.55,-15.600000000000136
91.0,IIFLWAM,EQ,2023-01-19,1865.65,1875.0,1950.0,1870.05,1945.0,1940.1,1919.09,203845,391197606.0,18394,62880,30.85,-65.09999999999991
92.0,IIFLWAM,EQ,2023-01-20,1940.1,1950.0,1950.0,1880.8,1932.0,1922.25,1911.2,396090,757006081.4,15366,274084,69.2,27.75
93.0,360ONE,EQ,2023-01-23,1922.25,1950.0,1960.0,1911.0,1950.0,1950.1,1946.4,73219,142513575.85,6733,37553,51.29,-0.099999999999909
94.0,360ONE,EQ,2023-01-24,1950.1,1954.35,1960.0,1942.0,1950.0,1947.85,1951.31,32766,63936644.5,2812,22007,67.16,6.5
95.0,360ONE,EQ,2023-01-25,1947.85,1949.95,1949.95,1890.1,1915.0,1918.05,1918.89,25529,48987278.0,2810,15175,59.44,31.90000000000009
96.0,360ONE,EQ,2023-01-27,1918.05,1929.0,1946.4,1837.1,1885.0,1871.5,1877.17,51372,96434109.75,8677,27122,52.8,57.5
97.0,360ONE,EQ,2023-01-30,1871.5,1702.0,1865.95,1702.0,1840.0,1844.9,1831.15,57935,106087824.2,12720,14647,25.28,-142.9000000000001
98.0,360ONE,EQ,2023-01-31,1844.9,1842.0,1857.75,1800.0,1830.0,1827.1,1827.97,66694,121914863.55,17980,33685,50.51,14.900000000000093
99.0,360ONE,EQ,2023-02-01,1827.1,1827.3,1927.95,1827.3,1891.0,1891.95,1899.09,71863,136474359.35,7736,36816,51.23,-64.65000000000009
100.0,360ONE,EQ,2023-02-02,1891.95,1888.05,1925.0,1835.0,1872.0,1886.6,1889.82,29367,55498311.2,7406,8438,28.73,1.4500000000000457
101.0,360ONE,EQ,2023-02-03,1886.6,1891.3,1911.0,1884.9,1900.0,1899.25,1900.63,27545,52352905.0,3492,17052,61.91,-7.950000000000045
102.0,360ONE,EQ,2023-02-06,1899.25,1907.0,1912.0,1848.6,1857.0,1861.7,1876.39,106212,199294683.05,9851,83926,79.02,45.29999999999996
103.0,360ONE,EQ,2023-02-07,1861.7,1861.05,1949.0,1821.15,1854.0,1839.9,1863.47,57719,107557579.05,7004,38283,66.33,21.149999999999864
104.0,360ONE,EQ,2023-02-08,1839.9,1815.05,1845.95,1807.75,1837.5,1838.35,1835.49,26331,48330230.5,2717,13965,53.04,-23.299999999999955
105.0,360ONE,EQ,2023-02-09,1838.35,1841.0,1851.0,1820.1,1832.0,1824.65,1833.52,21985,40309941.55,2928,8989,40.89,16.34999999999991
106.0,360ONE,EQ,2023-02-10,1824.65,1821.0,1868.95,1812.65,1856.25,1856.95,1853.59,30977,57418804.05,5104,17560,56.69,-35.950000000000045
107.0,360ONE,EQ,2023-02-13,1856.95,1856.95,1860.0,1840.05,1858.0,1852.7,1851.21,6354,11762615.2,1177,4372,68.81,4.25
108.0,360ONE,EQ,2023-02-14,1852.7,1869.0,1869.0,1805.6,1850.0,1837.1,1848.49,20161,37267334.7,3462,10837,53.75,31.90000000000009
109.0,360ONE,EQ,2023-02-15,1837.1,1850.0,1859.95,1833.9,1835.0,1839.0,1840.03,13728,25259923.9,3079,9019,65.7,11.0
110.0,360ONE,EQ,2023-02-16,1839.0,1839.0,1844.8,1810.55,1823.0,1822.7,1825.65,15448,28202706.65,3481,7394,47.86,16.299999999999955
111.0,360ONE,EQ,2023-02-17,1822.7,1858.95,1865.7,1809.05,1811.0,1813.3,1830.35,20585,37677659.35,2995,11107,53.96,45.65000000000009
112.0,360ONE,EQ,2023-02-20,1813.3,1830.0,1898.0,1810.0,1827.05,1831.25,1845.58,51850,95693476.95,6136,25226,48.65,-1.25
113.0,360ONE,EQ,2023-02-21,1831.25,1848.9,1848.9,1793.0,1793.55,1812.95,1826.03,37579,68620445.0,4122,22680,60.35,35.950000000000045
114.0,360ONE,EQ,2023-02-22,1812.95,1805.0,1810.0,1770.0,1779.0,1785.25,1797.21,92217,165733161.5,6645,66642,72.27,19.75
115.0,360ONE,EQ,2023-02-23,1785.25,1784.35,1798.95,1780.35,1782.2,1785.55,1789.97,70015,125324493.9,5777,49172,70.23,-1.2000000000000457
116.0,360ONE,EQ,2023-02-24,1785.55,1800.0,1800.0,1763.55,1763.55,1776.7,1787.15,70704,126358728.95,4887,56041,79.26,23.299999999999955
117.0,360ONE,EQ,2023-02-27,1776.7,1785.0,1793.95,1756.1,1777.0,1779.75,1780.74,54243,96592889.25,5570,34531,63.66,5.25
118.0,360ONE,EQ,2023-02-28,1779.75,1789.9,1796.6,1708.0,1739.0,1723.45,1760.63,68434,120486818.25,7263,40012,58.47,66.45000000000005
119.0,360ONE,EQ,2023-03-01,1723.45,1730.45,1779.0,1700.05,1774.0,1773.3,1747.1,67272,117531101.4,9362,37629,55.94,-42.84999999999991
120.0,360ONE,EQ,2023-03-02,1773.3,489.95,489.95,435.55,440.0,441.05,452.08,215418,97385591.0,15907,68725,31.9,48.89999999999998
121.0,360ONE,EQ,2023-03-03,441.05,443.95,450.55,440.1,448.75,446.8,447.0,98417,43992277.65,5231,58596,59.54,-2.8500000000000227
122.0,360ONE,EQ,2023-03-06,446.8,445.0,455.0,440.05,446.0,446.6,449.53,123558,55542707.9,6457,69985,56.64,-1.6000000000000227
123.0,360ONE,EQ,2023-03-08,446.6,446.0,450.2,440.0,441.0,442.3,447.51,104280,46666268.15,11695,61026,58.52,3.6999999999999886
124.0,360ONE,EQ,2023-03-09,442.3,442.0,448.9,435.0,441.0,440.1,440.86,147189,64890470.6,9086,60425,41.05,1.8999999999999773
125.0,360ONE,EQ,2023-03-10,440.1,430.1,446.8,430.1,440.0,442.4,440.89,160061,70569867.1,11002,95687,59.78,-12.299999999999956
126.0,360ONE,EQ,2023-03-13,442.4,440.0,443.8,425.05,430.0,430.2,435.14,246586,107299177.4,19474,105698,42.86,9.800000000000011
127.0,360ONE,EQ,2023-03-14,430.2,430.2,440.0,420.25,422.15,423.65,429.92,149544,64292026.75,7565,65566,43.84,6.550000000000011
128.0,360ONE,EQ,2023-03-15,423.65,429.0,434.95,425.05,434.6,432.3,430.99,94911,40905363.25,4649,47416,49.96,-3.300000000000012
129.0,360ONE,EQ,2023-03-16,432.3,432.25,439.4,427.65,433.0,433.1,434.32,151171,65656913.15,5094,104986,69.45,-0.8500000000000227
130.0,360ONE,EQ,2023-03-17,433.1,435.0,435.0,423.05,424.0,424.4,429.86,158085,67954917.6,12681,101924,64.47,10.600000000000025
131.0,360ONE,EQ,2023-03-20,424.4,425.0,440.0,415.0,418.5,417.95,418.9,118805,49767806.9,7937,74726,62.9,7.050000000000011
132.0,360ONE,EQ,2023-03-21,417.95,419.0,423.65,395.1,397.0,401.45,414.41,279207,115706398.15,7169,195134,69.89,17.55000000000001
133.0,360ONE,EQ,2023-03-22,401.45,401.0,435.0,398.05,424.0,428.7,423.72,402438,170521928.15,13329,155009,38.52,-27.69999999999999
134.0,360ONE,EQ,2023-03-23,428.7,427.0,432.55,413.2,426.5,429.6,421.68,175154,73859041.05,11459,93544,53.41,-2.6000000000000227
135.0,360ONE,EQ,2023-03-24,429.6,422.0,434.85,419.95,431.1,429.1,428.95,138825,59548627.7,6705,94442,68.03,-7.100000000000023
136.0,360ONE,EQ,2023-03-27,429.1,427.0,432.85,411.15,431.0,428.65,425.87,119069,50707948.9,7141,76031,63.85,-1.6499999999999773
137.0,360ONE,EQ,2023-03-28,428.65,428.55,437.95,422.0,437.0,435.95,432.29,182283,78798685.5,13398,121949,66.9,-7.399999999999977
138.0,360ONE,EQ,2023-03-29,435.95,436.4,440.0,425.1,434.0,438.6,435.69,157615,68671002.15,6194,119603,75.88,-2.200000000000045
139.0,360ONE,EQ,2023-03-31,438.6,405.0,434.9,404.95,434.9,430.7,420.14,456185,191661212.95,13518,251363,55.1,-25.69999999999999
140.0,360ONE,EQ,2023-04-03,430.7,427.0,435.5,418.3,422.0,422.0,427.06,82023,35028757.5,6265,39623,48.31,5.0
141.0,360ONE,EQ,2023-04-05,422.0,422.0,435.65,421.45,427.0,428.45,428.92,126199,54129275.55,8800,76173,60.36,-6.449999999999989
142.0,360ONE,EQ,2023-04-06,428.45,440.0,444.4,429.0,438.5,439.8,441.39,1336993,590133433.1,8687,1226632,91.75,0.1999999999999886
143.0,360ONE,EQ,2023-04-10,439.8,442.95,442.95,431.0,433.8,432.2,437.77,905345,396335802.4,4462,884541,97.7,10.75
144.0,360ONE,EQ,2023-04-11,432.2,435.15,435.15,423.0,425.0,425.6,429.1,251213,107794404.4,8167,209484,83.39,9.549999999999956
145.0,360ONE,EQ,2023-04-12,425.6,425.6,429.6,420.65,428.35,427.45,424.61,41227,17505533.95,3750,21561,52.3,-1.849999999999966
146.0,360ONE,EQ,2023-04-13,427.45,428.0,433.5,427.0,427.0,428.15,429.56,41075,17644132.7,2959,22431,54.61,-0.1499999999999772
147.0,360ONE,EQ,2023-04-17,428.15,428.15,442.4,395.8,403.0,403.4,418.91,6070499,2542982520.95,28471,5231650,86.18,24.75
148.0,360ONE,EQ,2023-04-18,403.4,403.5,414.95,403.5,409.9,407.5,410.0,276773,113476162.2,10686,150194,54.27,-4.0
149.0,360ONE,EQ,2023-04-19,407.5,411.3,417.85,403.65,416.0,415.1,413.53,534435,221005099.5,8184,474017,88.69,-3.8000000000000114
150.0,360ONE,EQ,2023-04-20,415.1,416.0,416.9,408.9,411.5,409.85,411.97,183907,75763356.7,8108,125179,68.07,6.149999999999977
151.0,360ONE,EQ,2023-04-21,409.85,409.85,412.2,404.25,407.45,407.0,406.34,146745,59628756.4,5895,97901,66.72,2.8500000000000227
152.0,360ONE,EQ,2023-04-24,407.0,412.25,416.95,407.0,415.0,415.95,414.48,141834,58786911.25,7753,101047,71.24,-3.6999999999999886
153.0,360ONE,EQ,2023-04-25,415.95,415.95,418.75,412.9,415.0,415.9,414.76,259300,107547978.7,8244,219515,84.66,0.0500000000000113
154.0,360ONE,EQ,2023-04-26,415.9,417.95,417.95,403.2,412.75,411.05,408.65,163583,66848551.5,9670,88963,54.38,6.899999999999977
155.0,360ONE,EQ,2023-04-27,411.05,414.7,416.9,410.3,413.65,415.45,415.09,75452,31319310.4,2297,62996,83.49,-0.75
156.0,360ONE,EQ,2023-04-28,415.45,417.0,420.9,412.0,418.2,419.85,416.7,323783,134921335.05,4714,290443,89.7,-2.8500000000000227
157.0,360ONE,EQ,2023-05-02,419.85,423.0,423.9,412.6,417.95,418.3,417.76,176212,73613683.05,10421,105542,59.89,4.699999999999989
158.0,360ONE,EQ,2023-05-03,418.3,416.0,423.85,410.15,415.9,417.05,415.89,153987,64041426.8,13844,90471,58.75,-1.0500000000000114
159.0,360ONE,EQ,2023-05-04,417.05,421.0,422.35,416.75,419.5,420.25,419.69,267906,112436526.95,7122,234196,87.42,0.75
160.0,360ONE,EQ,2023-05-05,420.25,411.0,419.75,408.0,410.0,413.9,413.62,150641,62308403.7,11846,82641,54.86,-2.8999999999999773
161.0,360ONE,EQ,2023-05-08,413.9,418.0,418.0,405.1,406.25,406.35,409.31,113009,46255305.9,6843,67364,59.61,11.649999999999975
162.0,360ONE,EQ,2023-05-09,406.35,412.0,412.0,399.7,401.5,401.35,402.8,589981,237645926.85,7113,521838,88.45,10.649999999999975
163.0,360ONE,EQ,2023-05-10,401.35,405.0,409.2,401.55,406.9,406.0,406.13,63146,25645509.25,6101,31423,49.76,-1.0
164.0,360ONE,EQ,2023-05-11,406.0,406.95,408.35,400.05,405.9,402.9,404.86,137885,55823605.8,9821,93706,67.96,4.050000000000011
165.0,360ONE,EQ,2023-05-12,402.9,402.0,415.5,401.0,409.0,409.05,409.34,144530,59162272.95,8738,83889,58.04,-7.050000000000011
166.0,360ONE,EQ,2023-05-15,409.05,414.75,416.95,406.75,410.0,410.15,411.29,379895,156247971.5,19274,262956,69.22,4.600000000000023
167.0,360ONE,EQ,2023-05-16,410.15,414.25,414.8,398.0,398.0,402.65,406.31,295027,119873433.7,14257,234315,79.42,11.600000000000025
168.0,360ONE,EQ,2023-05-17,402.65,404.65,418.0,399.1,404.8,405.85,401.5,1543786,619830951.25,10592,1432979,92.82,-1.2000000000000457
169.0,360ONE,EQ,2023-05-18,405.85,408.75,408.75,399.15,401.5,402.2,400.9,1159692,464923278.45,17660,919832,79.32,6.550000000000011
170.0,360ONE,EQ,2023-05-19,402.2,402.2,407.95,399.15,402.0,403.3,402.74,349082,140588890.35,10423,200575,57.46,-1.1000000000000227
171.0,360ONE,EQ,2023-05-22,403.3,403.0,411.45,401.0,405.05,404.2,406.03,256281,104058318.95,15251,160139,62.49,-1.1999999999999886
172.0,360ONE,EQ,2023-05-23,404.2,405.3,417.0,404.05,415.9,415.45,411.52,630668,259530734.55,15278,522536,82.85,-10.149999999999975
173.0,360ONE,EQ,2023-05-24,415.45,411.0,420.6,409.4,412.0,412.0,419.27,892116,374039338.3,12760,809392,90.73,-1.0
174.0,360ONE,EQ,2023-05-25,412.0,412.0,419.8,410.0,416.7,415.75,415.36,72409,30075733.9,5346,41307,57.05,-3.75
175.0,360ONE,EQ,2023-05-26,415.75,415.8,419.3,413.2,415.55,416.2,415.96,141289,58770165.35,6015,88812,62.86,-0.3999999999999772
176.0,360ONE,EQ,2023-05-29,416.2,419.95,420.5,416.35,419.85,419.75,419.03,77997,32683156.5,3573,52812,67.71,0.1999999999999886
177.0,360ONE,EQ,2023-05-30,419.75,419.75,422.05,416.7,418.2,419.25,419.81,334526,140435826.05,6621,269652,80.61,0.5
178.0,360ONE,EQ,2023-05-31,419.25,419.25,421.95,415.0,415.65,418.5,418.99,467224,195761642.85,8211,409715,87.69,0.75
179.0,360ONE,EQ,2023-06-01,418.5,419.1,425.0,418.2,419.5,419.9,420.08,755519,317380057.95,4237,706825,93.55,-0.7999999999999545
180.0,360ONE,EQ,2023-06-02,419.9,423.8,426.0,416.1,417.4,419.1,420.32,269471,113264395.75,8681,182367,67.68,4.699999999999989
181.0,360ONE,EQ,2023-06-05,419.1,422.95,424.95,415.0,420.0,421.55,419.83,2471395,1037556679.0,10494,2323212,94.0,1.3999999999999773
182.0,360ONE,EQ,2023-06-06,421.55,422.0,433.0,416.1,420.0,418.45,424.07,255272,108253923.1,10072,132592,51.94,3.550000000000012
183.0,360ONE,EQ,2023-06-07,418.45,422.2,427.5,419.5,424.0,422.75,423.35,225170,95326641.1,8332,158971,70.6,-0.5500000000000114
184.0,360ONE,EQ,2023-06-08,422.75,422.75,425.5,420.0,420.0,421.9,422.69,502785,212521656.25,9103,424020,84.33,0.8500000000000227
185.0,360ONE,EQ,2023-06-09,421.9,422.35,427.2,417.35,420.95,419.7,422.08,532079,224580617.15,24266,446333,83.88,2.650000000000034
186.0,360ONE,EQ,2023-06-12,419.7,420.0,424.0,417.35,422.5,421.3,420.71,496823,209020494.05,13901,392856,79.07,-1.3000000000000114
187.0,360ONE,EQ,2023-06-13,421.3,421.75,435.0,421.7,433.5,433.7,430.74,1505776,648591348.2,13474,1298245,86.22,-11.949999999999989
188.0,360ONE,EQ,2023-06-14,433.7,433.75,440.0,432.85,440.0,438.5,436.94,672876,294009123.0,7045,618917,91.98,-4.75
189.0,360ONE,EQ,2023-06-15,438.5,440.95,444.0,437.3,442.3,439.45,439.3,281156,123510661.65,7465,230742,82.07,1.5
190.0,360ONE,EQ,2023-06-16,439.45,443.45,445.1,438.1,439.75,440.65,440.15,85836,37780413.7,3449,55692,64.88,2.800000000000012
191.0,360ONE,EQ,2023-06-19,440.65,441.15,446.0,439.7,441.0,441.2,442.35,108424,47961449.25,4331,79312,73.15,-0.0500000000000113
192.0,360ONE,EQ,2023-06-20,441.2,438.6,443.45,433.85,441.05,441.2,438.65,965581,423556811.7,8435,883733,91.52,-2.599999999999966
193.0,360ONE,EQ,2023-06-21,441.2,441.7,449.4,438.65,442.0,439.95,440.58,512002,225578350.95,5961,466049,91.02,1.75
194.0,360ONE,EQ,2023-06-22,439.95,443.15,462.5,441.15,452.9,452.45,454.1,600719,272787798.8,25168,359962,59.92,-9.300000000000011
195.0,360ONE,EQ,2023-06-23,452.45,454.9,470.5,419.85,454.0,450.6,457.94,491203,224943869.5,15120,198753,40.46,4.2999999999999545
196.0,360ONE,EQ,2023-06-26,450.6,453.55,458.0,447.0,452.0,452.0,452.46,285211,129047746.1,17477,188024,65.92,1.5500000000000114
197.0,360ONE,EQ,2023-06-27,452.0,454.95,458.95,450.1,458.2,456.7,453.37,357643,162142997.15,6986,312569,87.4,-1.75
198.0,360ONE,EQ,2023-06-28,456.7,461.4,461.4,436.5,453.0,445.85,450.0,390763,175842074.45,8024,291835,74.68,15.549999999999956
199.0,360ONE,EQ,2023-06-30,445.85,452.5,457.1,451.45,455.05,455.0,454.83,267223,121541755.5,24019,212360,79.47,-2.5
200.0,360ONE,EQ,2023-07-03,455.0,455.0,478.6,454.05,477.45,475.7,469.52,313722,147298010.0,16485,177786,56.67,-20.69999999999999
201.0,360ONE,EQ,2023-07-04,475.7,476.0,490.0,475.7,480.5,482.15,484.34,326922,158340991.95,11131,216086,66.1,-6.149999999999977
202.0,360ONE,EQ,2023-07-05,482.15,482.6,482.6,471.1,475.0,474.9,475.46,440459,209422788.05,9775,361772,82.14,7.700000000000045
203.0,360ONE,EQ,2023-07-06,474.9,477.95,488.75,472.85,473.0,479.75,483.96,174542,84471392.85,18149,100469,57.56,-1.8000000000000114
204.0,360ONE,EQ,2023-07-07,479.75,477.0,490.25,473.75,489.85,481.95,477.8,411667,196693166.65,14247,348956,84.77,-4.949999999999989
205.0,360ONE,EQ,2023-07-10,481.95,485.45,498.4,481.9,485.1,485.1,486.85,224803,109445739.8,8702,158097,70.33,0.3499999999999659
206.0,360ONE,EQ,2023-07-11,485.1,488.7,491.8,485.0,488.0,487.9,488.59,367822,179715121.4,10267,317268,86.26,0.8000000000000114
207.0,360ONE,EQ,2023-07-12,487.9,491.5,505.0,490.5,501.15,502.45,501.41,765821,383991270.8,17103,643504,84.03,-10.949999999999989
208.0,360ONE,EQ,2023-07-13,502.45,502.45,506.85,493.15,502.4,501.85,501.28,197745,99125287.55,20001,127717,64.59,0.5999999999999659
209.0,360ONE,EQ,2023-07-14,501.85,500.05,514.85,495.1,512.1,510.6,502.69,179285,90125371.3,16828,119110,66.44,-10.550000000000011
210.0,360ONE,EQ,2023-07-17,510.6,515.15,536.4,514.95,525.0,523.75,524.2,371493,194737186.8,21942,216388,58.25,-8.600000000000023
211.0,360ONE,EQ,2023-07-18,523.75,545.0,545.0,512.3,515.0,515.0,520.45,174103,90612197.1,10518,94567,54.32,30.0
212.0,360ONE,EQ,2023-07-19,515.0,515.6,528.45,513.75,519.9,516.0,518.1,192701,99838016.1,12016,108324,56.21,-0.3999999999999772
213.0,360ONE,EQ,2023-07-20,516.0,525.0,532.8,511.3,522.0,519.45,520.59,174814,91006231.7,10379,88959,50.89,5.5499999999999545
214.0,360ONE,EQ,2023-07-21,519.45,529.0,529.0,511.05,517.95,515.9,517.0,200538,103677662.25,15135,99551,49.64,13.100000000000025
215.0,360ONE,EQ,2023-07-24,515.9,521.0,526.95,516.0,521.0,521.4,522.83,186884,97708036.5,17503,102526,54.86,-0.3999999999999772
216.0,360ONE,EQ,2023-07-25,521.4,525.0,526.0,513.65,521.5,519.6,518.23,76342,39563066.05,7265,40288,52.77,5.399999999999977
217.0,360ONE,EQ,2023-07-26,519.6,525.0,525.0,511.1,514.0,513.0,515.6,120782,62275418.25,7227,83537,69.16,12.0
218.0,360ONE,EQ,2023-07-27,513.0,513.0,518.65,506.85,512.0,512.45,511.38,85462,43703886.2,6244,52431,61.35,0.5499999999999545
219.0,360ONE,EQ,2023-07-28,512.45,510.0,512.0,508.05,510.95,510.75,510.34,97934,49980011.5,5081,75618,77.21,-0.75
220.0,360ONE,EQ,2023-07-31,510.75,512.65,524.95,512.65,521.0,521.65,520.99,140811,73360454.15,10767,88629,62.94,-9.0
221.0,360ONE,EQ,2023-08-01,521.65,525.0,526.9,511.3,514.0,518.35,519.33,319817,166091175.35,11665,270333,84.53,6.649999999999977
222.0,360ONE,EQ,2023-08-02,518.35,518.35,519.5,501.4,503.15,503.95,508.95,70412,35836492.35,5471,40181,57.07,14.400000000000034
223.0,360ONE,EQ,2023-08-03,503.95,506.95,510.0,486.55,500.0,496.4,496.08,73160,36293059.15,5059,36324,49.65,10.550000000000011
224.0,360ONE,EQ,2023-08-04,496.4,496.0,509.4,495.95,508.65,507.8,506.22,57906,29313114.15,6904,33242,57.41,-11.800000000000011
225.0,360ONE,EQ,2023-08-07,507.8,508.95,512.85,498.0,500.9,502.85,503.0,82178,41335865.1,7261,49436,60.16,6.099999999999966
226.0,360ONE,EQ,2023-08-08,502.85,509.0,514.7,503.45,505.0,511.3,507.37,145915,74032701.7,9630,99253,68.02,-2.300000000000012
227.0,360ONE,EQ,2023-08-09,511.3,515.0,515.0,501.95,507.0,506.4,507.13,89701,45490123.45,7189,46124,51.42,8.600000000000023
228.0,360ONE,EQ,2023-08-10,506.4,506.25,515.0,503.7,505.6,510.15,510.09,330518,168594667.75,12246,252017,76.25,-3.899999999999977
229.0,360ONE,EQ,2023-08-11,510.15,509.75,517.9,506.5,515.0,515.35,514.14,100453,51646506.85,8014,64290,64.0,-5.600000000000023
230.0,360ONE,EQ,2023-08-14,515.35,515.35,521.8,509.5,512.0,513.45,516.03,161632,83406879.45,11061,100656,62.27,1.8999999999999773
231.0,360ONE,EQ,2023-08-16,513.45,514.6,519.0,505.0,519.0,515.25,510.94,149627,76449746.5,7280,106106,70.91,-0.6499999999999773
232.0,360ONE,EQ,2023-08-17,515.25,515.95,521.6,512.0,514.0,514.65,516.11,192772,99491903.05,5991,153963,79.87,1.3000000000000682
233.0,360ONE,EQ,2023-08-18,514.65,515.2,518.3,501.0,508.0,507.85,507.36,132889,67422695.9,7431,85248,64.15,7.350000000000023
234.0,360ONE,EQ,2023-08-21,507.85,510.0,517.05,505.1,512.5,513.05,510.47,234314,119610496.75,6394,190197,81.17,-3.0499999999999545
235.0,360ONE,EQ,2023-08-22,513.05,510.0,516.3,505.1,509.9,508.5,511.99,213462,109290052.15,7386,158656,74.33,1.5
236.0,360ONE,EQ,2023-08-23,508.5,510.05,518.8,503.8,513.0,512.6,510.58,311426,159008986.8,7518,261640,84.01,-2.550000000000012
237.0,360ONE,EQ,2023-08-24,512.6,514.0,517.5,510.0,513.0,512.1,512.69,75897,38911948.05,5335,51207,67.47,1.8999999999999773
238.0,360ONE,EQ,2023-08-25,512.1,512.1,512.5,503.0,510.0,509.65,507.91,296319,150504126.7,6628,252737,85.29,2.450000000000045
239.0,360ONE,EQ,2023-08-28,509.65,512.0,512.0,504.0,505.75,505.6,508.22,171738,87279953.4,4232,145226,84.56,6.399999999999977
240.0,360ONE,EQ,2023-08-29,505.6,505.4,512.0,500.0,510.0,507.05,504.9,119137,60152191.15,6900,66486,55.81,-1.650000000000034
241.0,360ONE,EQ,2023-08-30,507.05,511.0,512.05,502.0,504.5,505.35,507.89,310987,157947002.25,9789,259801,83.54,5.649999999999977
242.0,360ONE,EQ,2023-08-31,505.35,506.0,506.9,482.5,491.0,487.35,488.89,1965975,961145582.75,35128,1623267,82.57,18.649999999999977
243.0,360ONE,EQ,2023-09-01,487.35,494.7,494.7,475.0,475.0,477.6,482.18,969859,467643483.0,20789,753004,77.64,17.099999999999966
244.0,360ONE,EQ,2023-09-04,477.6,486.6,504.0,483.0,503.0,500.45,499.15,1071315,534751064.7,34276,723703,67.55,-13.849999999999966
245.0,360ONE,EQ,2023-09-05,500.45,508.95,519.45,505.3,513.0,515.8,515.64,877410,452431611.75,22008,606240,69.09,-6.849999999999966
246.0,360ONE,EQ,2023-09-06,515.8,519.8,521.0,504.8,506.0,506.75,514.04,570967,293500865.15,28156,355262,62.22,13.049999999999956
247.0,360ONE,EQ,2023-09-07,506.75,516.9,519.5,509.85,514.05,513.35,514.42,999341,514077461.05,29715,710724,71.12,3.5499999999999545
248.0,360ONE,EQ,2023-09-08,513.35,519.95,527.55,513.5,521.0,520.35,520.63,1418883,738707703.3,35251,1180351,83.19,-0.3999999999999772
249.0,360ONE,EQ,2023-09-11,520.35,529.0,555.0,524.8,550.0,549.9,544.03,1209800,658170355.05,36838,648872,53.63,-20.899999999999977
250.0,360ONE,EQ,2023-09-12,549.9,555.0,570.0,537.0,540.2,545.85,552.81,686442,379474908.35,32441,301828,43.97,9.149999999999975
251.0,360ONE,EQ,2023-09-13,545.85,545.2,552.4,524.1,529.0,528.65,539.03,422848,227928307.6,25538,186628,44.14,16.550000000000068
252.0,360ONE,EQ,2023-09-14,528.65,536.55,552.9,534.3,546.85,547.6,543.4,625141,339699979.0,23266,402071,64.32,-11.050000000000068
253.0,360ONE,EQ,2023-09-15,547.6,546.65,549.0,515.4,525.0,526.65,527.29,3637141,1917843680.6,22199,3162648,86.95,20.0
254.0,360ONE,EQ,2023-09-18,526.65,528.0,532.05,508.95,511.15,515.2,520.1,203337,105755742.55,11049,113148,55.65,12.799999999999956
255.0,360ONE,EQ,2023-09-20,515.2,513.95,527.95,509.55,519.95,518.9,518.7,137496,71319683.5,10277,71799,52.22,-4.949999999999932
256.0,360ONE,EQ,2023-09-21,518.9,519.95,531.75,510.0,517.9,516.0,519.7,264443,137432299.5,16121,188024,71.1,3.9500000000000455
257.0,360ONE,EQ,2023-09-22,516.0,515.0,530.0,511.5,529.95,528.9,522.56,1632470,853071023.85,22079,1446649,88.62,-13.899999999999975
258.0,360ONE,EQ,2023-09-25,528.9,532.0,532.0,519.05,522.75,520.4,520.33,601923,313198968.4,4862,547669,90.99,11.600000000000025
259.0,360ONE,EQ,2023-09-26,520.4,520.4,524.55,513.2,514.0,514.65,517.79,139775,72374099.35,8821,81373,58.22,5.75
260.0,360ONE,EQ,2023-09-27,514.65,514.6,523.5,510.05,512.15,514.45,515.59,274298,141424902.5,12011,147232,53.68,0.1499999999999772
261.0,360ONE,EQ,2023-09-28,514.45,520.0,521.85,508.95,511.0,510.5,511.36,395274,202125525.5,7882,299001,75.64,9.5
262.0,360ONE,EQ,2023-09-29,510.5,512.1,514.05,497.75,503.5,502.1,501.13,1145096,573847027.05,33929,814849,71.16,10.0
263.0,360ONE,EQ,2023-10-03,502.1,502.1,505.5,498.8,501.0,501.4,501.82,164712,82656040.2,11112,113860,69.13,0.7000000000000455
264.0,360ONE,EQ,2023-10-04,501.4,502.0,502.4,491.1,494.9,496.75,496.66,126542,62847859.05,11653,72263,57.11,5.25
265.0,360ONE,EQ,2023-10-05,496.75,496.0,500.0,487.55,493.85,493.95,494.14,379048,187304343.85,8126,277303,73.16,2.050000000000012
266.0,360ONE,EQ,2023-10-06,493.95,496.65,509.8,496.4,507.65,507.7,505.69,471369,238367536.3,13312,343094,72.79,-11.050000000000011
267.0,360ONE,EQ,2023-10-09,507.7,505.0,517.25,502.75,514.0,514.4,513.58,413515,212372623.35,21749,254994,61.66,-9.399999999999975
268.0,360ONE,EQ,2023-10-10,514.4,516.5,520.25,513.0,513.55,514.45,517.06,159540,82491109.8,10482,97177,60.91,2.0499999999999545
269.0,360ONE,EQ,2023-10-11,514.45,513.05,519.7,512.45,515.0,516.2,516.25,308102,159057117.95,9681,237992,77.24,-3.150000000000091
270.0,360ONE,EQ,2023-10-12,516.2,517.8,517.8,510.5,510.65,511.2,511.26,3824082,1955086382.95,7386,3794600,99.23,6.599999999999966
271.0,360ONE,EQ,2023-10-13,511.2,517.3,540.0,511.2,536.0,537.85,527.3,952043,502010600.9,27731,561230,58.95,-20.550000000000068
272.0,360ONE,EQ,2023-10-16,537.85,531.1,555.2,531.1,550.0,553.1,547.57,633106,346670871.35,24038,372236,58.8,-22.0
273.0,360ONE,EQ,2023-10-17,553.1,552.55,554.35,541.6,545.25,550.8,549.29,201720,110803678.1,7684,112276,55.66,1.75
274.0,360ONE,EQ,2023-10-18,550.8,549.35,550.95,525.1,529.0,537.4,539.03,541975,292139032.45,12233,373582,68.93,11.950000000000044
275.0,360ONE,EQ,2023-10-19,537.4,531.45,542.5,527.35,539.2,539.95,539.36,240243,129576750.7,14465,140639,58.54,-8.5
276.0,360ONE,EQ,2023-10-20,539.95,536.05,554.9,536.05,540.0,539.75,545.81,882305,481574168.05,27212,712450,80.75,-3.7000000000000455
277.0,360ONE,EQ,2023-10-23,539.75,545.0,545.0,526.0,533.25,532.8,534.11,130781,69851756.35,9308,65531,50.11,12.200000000000044
278.0,360ONE,EQ,2023-10-25,532.8,532.05,536.25,524.7,527.55,527.35,530.13,121375,64343971.65,10769,60412,49.77,4.699999999999932
279.0,360ONE,EQ,2023-10-26,527.35,521.05,524.3,501.95,518.0,521.4,512.65,118370,60682198.1,7794,52811,44.62,-0.3500000000000227
280.0,360ONE,EQ,2023-10-27,521.4,527.0,527.7,519.55,522.7,524.2,523.9,81762,42834832.25,7251,49622,60.69,2.7999999999999545
281.0,360ONE,EQ,2023-10-30,524.2,522.75,539.0,515.3,517.05,518.1,522.58,174556,91219370.45,7873,84339,48.32,4.649999999999977
282.0,360ONE,EQ,2023-10-31,518.1,523.5,530.35,518.15,525.0,525.1,524.88,369884,194145526.8,10236,286115,77.35,-1.6000000000000227
283.0,360ONE,EQ,2023-11-01,525.1,524.8,537.85,523.95,531.25,529.45,527.97,594728,313996958.35,14946,460954,77.51,-4.650000000000091
284.0,360ONE,EQ,2023-11-02,529.45,530.05,555.0,529.8,554.0,551.55,546.87,371991,203429805.0,16426,219696,59.06,-21.5
285.0,360ONE,EQ,2023-11-03,551.55,539.2,546.95,527.45,532.95,531.1,533.06,1205994,642867739.45,18939,1027537,85.2,8.100000000000023
286.0,360ONE,EQ,2023-11-06,531.1,537.0,538.55,527.05,528.05,529.1,532.12,181150,96393263.15,9869,111616,61.62,7.899999999999977
287.0,360ONE,EQ,2023-11-07,529.1,531.25,533.95,518.1,532.7,530.85,526.35,138394,72844210.65,9566,63753,46.07,0.3999999999999772
288.0,360ONE,EQ,2023-11-08,530.85,535.0,539.2,528.35,535.45,535.95,533.25,123651,65936581.85,7790,64148,51.88,-0.9500000000000456
289.0,360ONE,EQ,2023-11-09,535.95,538.7,549.0,532.45,545.7,545.65,542.98,197801,107402001.15,10934,128881,65.16,-6.949999999999932
290.0,360ONE,EQ,2023-11-10,545.65,543.8,544.85,538.15,542.85,542.8,542.11,142699,77358028.45,4478,104029,72.9,1.0
291.0,360ONE,EQ,2023-11-12,542.8,545.0,550.0,526.95,532.0,531.95,535.72,66573,35664739.9,3301,31608,47.48,13.049999999999956
292.0,360ONE,EQ,2023-11-13,531.95,532.0,545.5,530.05,543.0,541.85,541.06,168118,90961390.2,6703,98448,58.56,-9.850000000000025
293.0,360ONE,EQ,2023-11-15,541.85,543.7,568.45,543.0,560.05,560.15,558.89,460958,257624368.15,22960,243058,52.73,-16.449999999999932
295.0,360ONE,EQ,2023-11-16,560.15,561.0,570.0,540.05,544.0,543.1,558.73,1136970,635254336.95,13804,989310,87.01,17.899999999999977
296.0,360ONE,EQ,2023-11-17,543.1,548.45,548.45,531.55,544.4,546.5,541.77,207460,112395662.45,12708,98163,47.32,1.9500000000000453
297.0,360ONE,EQ,2023-11-20,546.5,546.45,558.45,538.2,546.7,546.6,547.33,159254,87164336.0,13617,73010,45.85,-0.1499999999999772
298.0,360ONE,EQ,2023-11-21,546.6,547.1,557.05,546.05,551.8,550.95,549.84,405024,222700162.0,12036,310271,76.61,-3.850000000000023
299.0,360ONE,EQ,2023-11-22,550.95,550.8,550.95,536.0,539.35,540.0,540.36,165069,89196241.25,14617,84837,51.39,10.799999999999956
300.0,360ONE,EQ,2023-11-23,540.0,541.95,547.35,534.3,540.0,540.3,540.24,232403,125554282.25,16817,138581,59.63,1.650000000000091
301.0,360ONE,EQ,2023-11-24,540.3,540.7,552.7,536.85,543.6,543.1,545.58,201774,110083583.95,13900,112660,55.83,-2.3999999999999773
302.0,360ONE,EQ,2023-11-28,543.1,543.1,547.4,539.5,544.0,543.9,542.51,242257,131425694.55,14884,163540,67.51,-0.7999999999999545
303.0,360ONE,EQ,2023-11-29,543.9,548.45,564.0,540.3,563.35,558.85,554.62,353886,196271167.95,13615,282152,79.73,-10.399999999999975
304.0,360ONE,EQ,2023-11-30,558.85,563.75,580.0,555.7,575.0,572.25,570.51,853782,487092288.15,50832,567786,66.5,-8.5
305.0,360ONE,EQ,2023-12-01,572.25,575.0,588.0,574.45,587.0,585.8,584.13,468020,273385165.05,27117,290034,61.97,-10.799999999999956
306.0,360ONE,EQ,2023-12-04,585.8,608.95,633.5,597.25,633.5,602.55,602.81,12215412,7363562613.8,57488,10756945,88.06,6.400000000000091
307.0,360ONE,EQ,2023-12-05,602.55,625.95,631.7,604.0,609.2,608.1,611.72,1609373,984483616.85,47963,803643,49.94,17.850000000000023
309.0,360ONE,EQ,2023-12-06,608.1,615.0,657.8,609.8,644.45,649.45,633.57,2168523,1373911327.85,58301,1066216,49.17,-34.450000000000045
310.0,360ONE,EQ,2023-12-07,649.45,650.0,650.0,637.55,640.0,641.0,642.47,719592,462314799.5,14905,577595,80.27,9.0
311.0,360ONE,EQ,2023-12-08,641.0,644.8,652.0,640.0,646.1,647.55,644.86,538465,347235025.0,24143,343322,63.76,-2.75
312.0,360ONE,EQ,2023-12-11,647.55,647.55,652.0,631.75,643.0,646.5,648.97,203623,132145027.45,11078,114485,56.22,1.0499999999999543
313.0,360ONE,EQ,2023-12-12,646.5,642.05,649.5,627.85,649.0,644.45,637.02,290724,185198386.25,17783,151184,52.0,-2.400000000000091
314.0,360ONE,EQ,2023-12-13,644.45,645.0,685.0,642.95,681.0,680.4,668.87,723930,484215687.15,31116,403530,55.74,-35.39999999999998
315.0,360ONE,EQ,2023-12-14,680.4,680.0,735.0,679.95,710.0,707.5,708.57,1058144,749774229.35,39806,529735,50.06,-27.5
316.0,360ONE,EQ,2023-12-15,707.5,714.45,714.45,660.0,661.7,669.95,671.96,2738968,1840487687.9,72344,1834479,66.98,44.5
317.0,360ONE,EQ,2023-12-18,669.95,662.9,672.0,656.55,666.5,665.25,665.92,430401,286610655.15,19290,183337,42.6,-2.3500000000000227
318.0,360ONE,EQ,2023-12-19,665.25,661.3,673.85,644.3,647.0,647.6,649.87,647471,420771354.4,39353,442877,68.4,13.699999999999932
319.0,360ONE,EQ,2023-12-20,647.6,650.0,656.75,631.85,642.8,641.35,643.54,1431835,921443387.1,27897,1125763,78.62,8.649999999999977
320.0,360ONE,EQ,2023-12-21,641.35,634.45,643.8,627.15,634.95,635.7,633.14,238473,150986523.2,15890,94628,39.68,-1.25
321.0,360ONE,EQ,2023-12-22,635.7,661.0,664.85,647.05,655.9,657.9,654.22,611023,399745889.3,25691,186447,30.51,3.1000000000000227
322.0,360ONE,EQ,2023-12-26,657.9,659.0,660.85,648.0,651.8,651.5,653.57,151516,99026095.15,12622,62457,41.22,7.5
323.0,360ONE,EQ,2023-12-27,651.5,657.9,678.5,647.65,676.0,674.45,670.11,614017,411456242.75,35319,321305,52.33,-16.550000000000068
324.0,360ONE,EQ,2023-12-28,674.45,676.6,715.6,671.45,709.6,708.8,693.62,638810,443090979.4,27630,340581,53.31,-32.19999999999993
325.0,360ONE,EQ,2023-12-29,708.8,708.0,715.0,687.1,710.0,709.85,706.13,455697,321782984.35,20339,246547,54.1,-1.8500000000000227
326.0,360ONE,EQ,2024-01-01,709.85,709.85,714.4,693.0,693.7,702.85,708.57,175009,124006673.25,29383,95648,54.65,7.0
327.0,360ONE,EQ,2024-01-02,702.85,695.25,699.95,675.0,676.15,676.9,681.25,348865,237663256.2,15392,214297,61.43,18.350000000000023
328.0,360ONE,EQ,2024-01-03,676.9,681.1,682.05,652.9,660.95,655.25,663.92,203415,135052171.9,11494,111892,55.01,25.850000000000023
329.0,360ONE,EQ,2024-01-04,655.25,660.0,662.05,651.25,652.0,653.85,655.31,133259,87325709.4,7001,84689,63.55,6.149999999999977
330.0,360ONE,EQ,2024-01-05,653.85,653.85,664.95,644.05,663.9,662.45,647.32,1231143,796941555.7,18089,1059549,86.06,-8.600000000000023
331.0,360ONE,EQ,2024-01-08,662.45,664.9,684.25,655.4,673.45,672.45,666.5,895046,596549095.45,26804,644301,71.99,-7.550000000000068
332.0,360ONE,EQ,2024-01-09,672.45,674.8,680.0,671.05,674.5,674.75,675.08,481800,325255065.45,16956,398898,82.79,0.0499999999999545
333.0,360ONE,EQ,2024-01-10,674.75,678.0,688.0,662.0,683.0,683.15,674.63,203133,137040218.55,12548,123680,60.89,-5.149999999999977
334.0,360ONE,EQ,2024-01-11,683.15,685.0,686.9,666.2,679.2,680.35,674.42,186788,125973404.8,11866,86364,46.24,4.649999999999977
335.0,360ONE,EQ,2024-01-12,680.35,679.2,679.2,667.15,670.0,669.7,670.64,134150,89966083.45,9081,79587,59.33,9.5
336.0,360ONE,EQ,2024-01-15,669.7,673.9,673.9,658.25,659.6,660.55,662.17,140091,92763731.95,12930,88937,63.49,13.350000000000025
337.0,360ONE,EQ,2024-01-16,660.55,660.0,668.2,654.55,661.0,661.6,661.15,141899,93816891.75,11164,68293,48.13,-1.6000000000000227
338.0,360ONE,EQ,2024-01-17,661.6,655.0,658.45,637.65,646.0,646.55,646.81,266993,172694902.8,19123,163866,61.37,8.450000000000045
339.0,360ONE,EQ,2024-01-18,646.55,646.55,654.5,638.1,644.0,643.05,644.9,229384,147929515.95,16476,131993,57.54,3.5
340.0,360ONE,EQ,2024-01-19,643.05,650.0,659.0,626.05,627.9,628.75,636.07,277493,176505974.4,17542,152755,55.05,21.25
341.0,360ONE,EQ,2024-01-20,628.75,638.15,643.75,630.1,638.0,637.65,637.89,77610,49506622.55,5710,37338,48.11,0.5
342.0,360ONE,EQ,2024-01-23,637.65,644.0,644.9,610.0,624.95,619.0,626.87,448657,281248384.6,26842,312664,69.69,25.0
343.0,360ONE,EQ,2024-01-24,619.0,620.0,627.0,591.5,613.55,617.0,612.04,332842,203711120.05,29238,175613,52.76,3.0
344.0,360ONE,EQ,2024-01-25,617.0,617.0,637.4,614.95,631.35,630.2,627.31,244105,153130371.55,10786,172730,70.76,-13.200000000000044
345.0,360ONE,EQ,2024-01-29,630.2,633.0,643.55,626.0,635.95,634.0,634.96,899275,571002946.4,14040,817365,90.89,-1.0
346.0,360ONE,EQ,2024-01-30,634.0,639.95,642.0,618.85,630.0,628.6,634.81,170252,108078512.05,15031,92704,54.45,11.350000000000025
347.0,360ONE,EQ,2024-01-31,628.6,630.35,640.65,616.15,620.0,620.05,627.42,347921,218292112.0,18376,224755,64.6,10.300000000000068
348.0,360ONE,EQ,2024-02-01,620.05,621.0,624.8,609.8,618.0,617.5,618.62,364500,225485803.45,13216,294341,80.75,3.5
349.0,360ONE,EQ,2024-02-02,617.5,620.0,620.6,601.1,606.0,604.95,610.64,290046,177112595.5,21087,171032,58.97,15.049999999999956
350.0,360ONE,EQ,2024-02-05,604.95,610.0,621.3,597.25,615.5,615.5,611.38,381313,233127799.95,20887,254128,66.65,-5.5
351.0,360ONE,EQ,2024-02-06,615.5,623.45,639.0,615.0,628.25,628.5,629.93,1281972,807552605.0,19661,1168962,91.18,-5.0499999999999545
352.0,360ONE,EQ,2024-02-07,628.5,639.9,652.7,632.05,639.0,643.1,640.56,321124,205699197.5,24642,212570,66.2,-3.200000000000045
353.0,360ONE,EQ,2024-02-08,643.1,644.75,669.7,643.0,646.4,656.15,660.3,791047,522332205.4,32752,591150,74.73,-11.399999999999975
354.0,360ONE,EQ,2024-02-09,656.15,654.6,659.55,644.0,644.65,654.3,651.44,410126,267170975.55,22612,307515,74.98,0.3000000000000682
355.0,360ONE,EQ,2024-02-12,654.3,651.85,666.0,641.05,649.9,648.25,650.7,1146649,746124030.2,17678,1024076,89.31,3.6000000000000227
356.0,360ONE,EQ,2024-02-13,648.25,650.75,698.0,647.05,691.45,691.7,679.06,1283704,871712776.55,69852,670252,52.21,-40.950000000000045
357.0,360ONE,EQ,2024-02-14,691.7,690.25,719.95,680.65,707.15,707.85,702.65,696379,489308463.0,46715,337800,48.51,-17.600000000000023
358.0,360ONE,EQ,2024-02-15,707.85,712.0,726.95,705.7,713.0,713.6,716.81,665907,477327098.4,35749,390591,58.66,-1.6000000000000227
359.0,360ONE,EQ,2024-02-16,713.6,713.05,715.0,685.05,695.0,692.4,702.59,930453,653724543.6,32863,713660,76.7,20.649999999999977
360.0,360ONE,EQ,2024-02-19,692.4,695.15,707.6,695.15,699.0,702.0,702.79,87428,61443756.75,9586,40706,46.56,-6.850000000000023
361.0,360ONE,EQ,2024-02-20,702.0,707.95,709.0,695.55,706.0,705.5,704.72,113402,79916605.15,10376,66451,58.6,2.450000000000045
362.0,360ONE,EQ,2024-02-21,705.5,708.75,744.9,707.75,718.0,713.7,722.83,327025,236382734.8,29335,106750,32.64,-4.9500000000000455
363.0,360ONE,EQ,2024-02-22,713.7,719.0,721.1,689.0,703.0,708.5,700.24,220919,154697006.4,18752,91676,41.5,10.5
364.0,360ONE,EQ,2024-02-23,708.5,710.0,724.75,699.35,715.05,721.7,715.3,138055,98750170.85,15507,80169,58.07,-11.700000000000044
365.0,360ONE,EQ,2024-02-26,721.7,721.9,775.0,717.8,774.3,769.6,757.39,1134217,859043058.25,57918,471703,41.59,-47.700000000000045
366.0,360ONE,EQ,2024-02-27,769.6,773.8,788.95,737.45,746.9,747.85,755.85,837440,632976363.1,39784,550606,65.75,25.94999999999993
367.0,360ONE,EQ,2024-02-28,747.85,748.05,751.1,710.05,725.0,716.3,722.22,501982,362541143.75,35993,329467,65.63,31.75
368.0,360ONE,EQ,2024-02-29,716.3,723.45,743.95,707.9,725.25,718.95,722.46,824679,595801257.95,35739,464982,56.38,4.5
369.0,360ONE,EQ,2024-03-01,718.95,723.0,743.85,721.55,733.55,731.7,731.16,347110,253793526.55,20079,206147,59.39,-8.700000000000045
370.0,360ONE,EQ,2024-03-02,731.7,735.8,735.8,718.0,730.8,726.85,723.71,12606,9123025.95,979,5186,41.14,8.949999999999932
371.0,360ONE,EQ,2024-03-04,726.85,730.75,739.7,721.05,725.65,727.3,728.08,114655,83477665.75,12986,57381,50.05,3.450000000000045
372.0,360ONE,EQ,2024-03-05,727.3,708.35,734.8,701.55,713.55,720.95,723.33,235044,170013397.3,23654,106431,45.28,-12.600000000000025
373.0,360ONE,EQ,2024-03-06,720.95,710.15,717.6,692.2,702.0,696.25,701.55,247042,173311806.3,26525,126803,51.33,13.899999999999975
374.0,360ONE,EQ,2024-03-07,696.25,702.55,705.1,675.85,676.1,679.8,687.78,298672,205420549.5,31274,200180,67.02,22.75
375.0,360ONE,EQ,2024-03-11,679.8,681.05,722.65,672.0,707.1,710.7,706.17,743621,525123799.2,63757,378208,50.86,-29.65000000000009
376.0,360ONE,EQ,2024-03-12,710.7,713.55,731.45,690.0,703.15,708.45,702.43,594950,417911747.45,54385,342576,57.58,5.099999999999909
377.0,360ONE,EQ,2024-03-13,708.45,704.9,707.15,674.75,695.7,697.6,690.06,472495,326048616.9,39749,268657,56.86,7.299999999999954
378.0,360ONE,EQ,2024-03-14,697.6,682.0,700.0,679.65,696.8,696.7,689.99,141794,97836665.15,13798,74140,52.29,-14.700000000000044
379.0,360ONE,EQ,2024-03-15,696.7,695.8,700.55,685.1,696.9,694.35,690.9,284769,196747739.15,12263,233856,82.12,1.4499999999999318
380.0,360ONE,EQ,2024-03-18,694.35,705.0,710.0,682.35,694.0,689.65,690.46,132046,91172389.1,17204,74603,56.5,15.350000000000025
381.0,360ONE,EQ,2024-03-19,689.65,692.0,700.0,688.55,695.1,692.6,692.73,256540,177713882.05,15460,201907,78.7,-0.6000000000000227
382.0,360ONE,EQ,2024-03-20,692.6,694.35,696.35,666.05,673.0,673.75,679.2,177154,120323301.7,17286,108854,61.45,20.600000000000023
383.0,360ONE,EQ,2024-03-21,673.75,676.55,689.55,670.0,674.95,673.4,681.54,285163,194348661.7,13142,212144,74.39,3.1499999999999773
384.0,360ONE,EQ,2024-03-22,673.4,675.7,682.45,659.05,667.0,665.85,668.25,802243,536101199.1,18594,699912,87.24,9.850000000000025
385.0,360ONE,EQ,2024-03-26,665.85,665.8,666.0,647.0,657.0,650.3,654.26,264980,173365631.45,18757,161936,61.11,15.5
386.0,360ONE,EQ,2024-03-27,650.3,652.55,674.0,650.85,670.0,667.95,660.87,530619,350671789.05,24848,358590,67.58,-15.400000000000093
387.0,360ONE,EQ,2024-03-28,667.95,667.05,681.0,658.35,673.8,675.6,670.21,481500,322704359.75,30356,388736,80.73,-8.550000000000068
388.0,360ONE,EQ,2024-04-01,675.6,685.0,702.5,677.3,688.0,696.8,690.36,208800,144147597.15,23576,131752,63.1,-11.799999999999956
389.0,360ONE,EQ,2024-04-02,696.8,696.8,704.55,680.95,703.0,695.85,692.37,272675,188792116.2,21021,174032,63.82,0.9499999999999318
390.0,360ONE,EQ,2024-04-03,695.85,695.85,745.45,695.85,719.0,721.35,721.94,609168,439782209.75,34991,219764,36.08,-25.5
391.0,360ONE,EQ,2024-04-04,721.35,723.3,727.0,711.2,714.0,721.0,719.1,160014,115066024.35,16371,87537,54.71,2.2999999999999545
392.0,360ONE,EQ,2024-04-05,721.0,720.95,722.0,707.1,712.0,715.9,715.33,141185,100994201.8,9357,80542,57.05,5.050000000000068
393.0,360ONE,EQ,2024-04-08,715.9,719.7,724.45,707.35,721.3,720.1,717.63,558348,400688870.6,18498,432203,77.41,-0.3999999999999772
394.0,360ONE,EQ,2024-04-09,720.1,735.95,748.4,715.0,721.5,719.15,728.32,944127,687624357.3,34995,597900,63.33,16.800000000000068
395.0,360ONE,EQ,2024-04-10,719.15,729.95,741.45,722.7,737.0,735.8,736.3,1515257,1115679626.5,39846,1181461,77.97,-5.849999999999909
396.0,360ONE,EQ,2024-04-12,735.8,736.85,765.0,734.7,752.0,748.7,747.53,1420517,1061877308.65,42049,1078044,75.89,-11.850000000000025
397.0,360ONE,EQ,2024-04-15,748.7,745.05,756.7,730.0,739.25,739.9,745.0,257991,192202703.4,24828,135593,52.56,5.149999999999977
398.0,360ONE,EQ,2024-04-16,739.9,735.3,763.0,735.3,750.0,750.8,750.81,787154,591003739.05,17336,675133,85.77,-15.5
399.0,360ONE,EQ,2024-04-18,750.8,757.6,900.95,754.2,794.9,799.4,814.85,2222350,1810880420.15,91247,686769,30.9,-41.79999999999996
400.0,360ONE,EQ,2024-04-19,799.4,796.0,823.0,785.1,797.8,790.6,801.62,957760,767755948.85,49341,286574,29.92,5.399999999999977
401.0,360ONE,EQ,2024-04-22,790.6,800.0,810.0,765.0,770.05,769.45,787.58,507505,399698622.4,28515,315581,62.18,30.549999999999955
402.0,360ONE,EQ,2024-04-23,769.45,778.3,813.1,760.05,765.0,766.05,779.37,793448,618390254.1,57925,360589,45.45,12.25
404.0,360ONE,EQ,2024-04-24,766.05,870.0,870.0,794.05,798.0,801.4,816.82,5165029,4218883573.2,133010,1929126,37.35,68.60000000000002
405.0,360ONE,EQ,2024-04-25,801.4,802.0,845.0,793.85,835.3,838.75,827.84,2685823,2223426639.2,109218,1088522,40.53,-36.75
406.0,360ONE,EQ,2024-04-26,838.75,840.0,841.85,800.0,810.8,808.05,809.64,2460020,1991723765.75,53231,1650798,67.11,31.950000000000045
407.0,360ONE,EQ,2024-04-29,808.05,811.15,811.5,784.0,788.0,789.25,794.61,1356055,1077537680.7,59698,548527,40.45,21.899999999999977
408.0,360ONE,EQ,2024-04-30,789.25,792.1,793.0,774.4,780.1,784.05,783.55,424089,332293658.05,24654,193558,45.64,8.050000000000068
409.0,360ONE,EQ,2024-05-02,784.05,784.0,791.75,765.1,773.0,774.05,775.46,530029,411015063.95,31290,297241,56.08,9.950000000000044
410.0,360ONE,EQ,2024-05-03,774.05,778.5,796.35,768.05,793.5,791.95,784.68,731424,573931739.45,32667,384614,52.58,-13.450000000000044
411.0,360ONE,EQ,2024-05-06,791.95,799.95,799.95,756.45,765.7,766.85,777.48,815497,634033275.1,26178,614094,75.3,33.10000000000002
412.0,360ONE,EQ,2024-05-07,766.85,773.0,774.0,738.6,750.35,749.25,753.13,872091,656795747.75,43402,459066,52.64,23.75
413.0,360ONE,EQ,2024-05-08,749.25,750.8,758.4,740.35,742.0,744.5,747.48,393318,293996288.9,31757,224369,57.05,6.2999999999999545
414.0,360ONE,EQ,2024-05-09,744.5,750.0,754.0,716.25,735.0,730.85,736.76,214799,158255481.95,28425,111235,51.79,19.149999999999977
415.0,360ONE,EQ,2024-05-10,730.85,738.75,765.0,735.35,748.3,748.4,752.66,305148,229672423.85,32317,83250,27.28,-9.649999999999975
416.0,360ONE,EQ,2024-05-13,748.4,750.0,764.0,735.05,764.0,759.25,753.13,260125,195908471.25,34227,133920,51.48,-9.25
417.0,360ONE,EQ,2024-05-14,759.25,759.35,768.9,744.35,755.0,759.1,758.65,349959,265494935.65,19400,243253,69.51,0.25
418.0,360ONE,EQ,2024-05-15,759.1,761.0,769.85,752.2,756.1,754.9,759.33,152610,115880716.45,21539,80429,52.7,6.100000000000023
419.0,360ONE,EQ,2024-05-16,754.9,752.0,768.5,746.05,763.0,764.6,757.92,270179,204775101.1,21376,150146,55.57,-12.600000000000025
420.0,360ONE,EQ,2024-05-17,764.6,767.45,790.0,764.3,786.15,787.6,782.66,699051,547117896.2,48076,318913,45.62,-20.149999999999977
421.0,360ONE,EQ,2024-05-18,787.6,799.95,800.0,782.8,785.9,786.9,792.85,37810,29977808.85,1863,24717,65.37,13.050000000000068
422.0,360ONE,EQ,2024-05-21,786.9,790.8,801.95,775.05,780.0,784.6,792.81,387691,307364954.9,20633,265491,68.48,6.199999999999932
423.0,360ONE,EQ,2024-05-22,784.6,775.0,798.0,770.0,789.0,794.5,787.61,344761,271537156.55,18106,198093,57.46,-19.5
424.0,360ONE,EQ,2024-05-23,794.5,797.0,827.0,786.5,811.05,817.5,808.26,698627,564669886.0,24404,399409,57.17,-20.5
425.0,360ONE,EQ,2024-05-24,817.5,814.0,829.9,812.05,820.0,823.7,824.27,543175,447723447.5,21495,386260,71.11,-9.700000000000044
426.0,360ONE,EQ,2024-05-27,823.7,826.0,827.6,808.0,821.05,821.5,821.33,225646,185330673.85,12205,135496,60.05,4.5
427.0,360ONE,EQ,2024-05-28,821.5,821.1,821.1,792.35,794.55,795.85,804.03,283678,228084563.85,14910,183100,64.55,25.25
428.0,360ONE,EQ,2024-05-29,795.85,795.0,807.0,776.55,799.0,799.95,797.1,239009,190515055.9,12847,134844,56.42,-4.9500000000000455
429.0,360ONE,EQ,2024-05-30,799.95,799.5,799.5,771.5,776.15,781.55,783.01,168336,131809468.3,15294,92107,54.72,17.950000000000045
430.0,360ONE,EQ,2024-05-31,781.55,781.55,786.7,765.9,776.0,776.15,776.92,594583,461942129.85,23805,412251,69.33,5.399999999999977
431.0,360ONE,EQ,2024-06-03,776.15,809.0,809.0,776.85,779.0,779.95,782.28,758635,593465132.5,39589,563027,74.22,29.049999999999955
432.0,360ONE,EQ,2024-06-04,779.95,785.65,793.95,691.4,751.0,739.6,738.47,514488,379932949.85,28577,310861,60.42,46.04999999999996
433.0,360ONE,EQ,2024-06-05,739.6,741.0,777.75,721.15,770.0,769.35,756.21,564044,426536740.05,46693,359013,63.65,-28.350000000000023
434.0,360ONE,EQ,2024-06-06,769.35,770.0,800.0,770.0,791.0,791.7,792.69,662900,525477381.05,18092,512591,77.33,-21.700000000000045
435.0,360ONE,EQ,2024-06-07,791.7,790.0,800.0,783.75,800.0,799.85,796.56,234660,186921659.7,11801,144605,61.62,-9.850000000000025
436.0,360ONE,EQ,2024-06-10,799.85,800.0,814.95,785.0,791.8,792.2,800.09,540240,432241924.85,10792,451834,83.64,7.799999999999954
437.0,360ONE,EQ,2024-06-11,792.2,800.0,800.0,778.0,779.25,780.75,784.36,363545,285151686.75,32849,220305,60.6,19.25
438.0,360ONE,EQ,2024-06-12,780.75,790.0,794.0,778.15,787.15,790.45,785.9,403026,316738119.55,30176,264864,65.72,-0.4500000000000455
439.0,360ONE,EQ,2024-06-13,790.45,816.0,819.7,780.0,784.95,782.15,791.46,900650,712829170.9,45029,571427,63.45,33.85000000000002
440.0,360ONE,EQ,2024-06-14,782.15,788.0,807.0,780.55,801.65,802.1,794.79,503805,400417192.6,32179,255362,50.69,-14.100000000000025
441.0,360ONE,EQ,2024-06-18,802.1,810.0,815.0,787.15,810.0,809.9,805.95,1663594,1340773669.65,40925,1304881,78.44,0.1000000000000227
442.0,360ONE,EQ,2024-06-19,809.9,815.0,864.5,814.95,855.0,852.9,847.06,2526599,2140180938.65,86400,1318747,52.19,-37.89999999999998
443.0,360ONE,EQ,2024-06-20,852.9,852.9,861.0,834.05,840.0,841.25,847.94,389249,330059709.8,19584,177878,45.7,11.649999999999975
444.0,360ONE,EQ,2024-06-21,841.25,849.6,861.0,831.1,848.8,837.6,845.35,520838,440292049.1,31071,219449,42.13,12.0
445.0,360ONE,EQ,2024-06-24,837.6,837.5,856.85,826.0,850.0,848.45,847.27,281621,238610065.4,24270,139919,49.68,-10.950000000000044
446.0,360ONE,EQ,2024-06-25,848.45,850.9,853.95,831.6,832.0,836.6,847.98,1078900,914882117.3,13716,982097,91.03,14.299999999999956
447.0,360ONE,EQ,2024-06-26,836.6,837.75,899.5,837.75,881.95,889.2,878.5,2090959,1836910749.5,96289,829590,39.68,-51.450000000000045
448.0,360ONE,EQ,2024-06-27,889.2,887.5,944.9,885.95,936.0,934.7,929.53,2813051,2614805301.9,110351,1497390,53.23,-47.200000000000045
449.0,360ONE,EQ,2024-06-28,934.7,939.0,1065.0,939.0,985.0,980.15,1013.54,5166229,5236188310.25,196797,1379205,26.7,-41.14999999999998
450.0,360ONE,EQ,2024-07-01,980.15,995.0,1018.15,957.0,983.0,973.0,990.95,1429903,1416956480.4,54157,757419,52.97,22.0
451.0,360ONE,EQ,2024-07-02,973.0,970.15,987.95,947.5,952.0,952.65,961.87,377222,362838086.0,21296,165842,43.96,17.5
452.0,360ONE,EQ,2024-07-03,952.65,967.0,974.85,934.85,944.95,943.15,952.14,351385,334566446.1,24820,136575,38.87,23.850000000000023
453.0,360ONE,EQ,2024-07-04,943.15,945.45,948.7,924.55,930.0,927.3,931.2,314006,292402942.45,22284,175702,55.95,18.15000000000009
454.0,360ONE,EQ,2024-07-05,927.3,927.3,967.7,920.2,965.0,964.7,956.02,498527,476599581.4,38057,210079,42.14,-37.40000000000009
455.0,360ONE,EQ,2024-07-08,964.7,1034.95,1034.95,970.0,984.9,981.4,986.22,776000,765307132.75,45554,373030,48.07,53.55000000000007
456.0,360ONE,EQ,2024-07-09,981.4,984.0,1011.8,971.1,997.5,996.85,993.09,741786,736661350.65,44306,489999,66.06,-12.850000000000025
457.0,360ONE,EQ,2024-07-10,996.85,997.65,1022.25,996.0,1007.0,1008.2,1007.63,732777,738370058.2,35862,504542,68.85,-10.550000000000068
458.0,360ONE,EQ,2024-07-11,1008.2,1008.55,1008.55,961.25,968.0,968.7,977.6,524099,512359990.55,34632,325424,62.09,39.84999999999991
459.0,360ONE,EQ,2024-07-12,968.7,969.15,969.65,929.1,935.55,936.55,946.78,490486,464384587.4,34203,328992,67.07,32.60000000000002
460.0,360ONE,EQ,2024-07-15,936.55,937.05,1015.0,926.3,970.05,987.4,968.86,459178,444880322.4,30053,189830,41.34,-50.35000000000002
461.0,360ONE,EQ,2024-07-16,987.4,971.05,988.55,952.65,980.5,980.75,976.64,447511,437057733.1,36558,227249,50.78,-9.700000000000044
462.0,360ONE,EQ,2024-07-18,980.75,980.0,1003.45,974.2,986.9,983.9,982.92,1423067,1398767351.85,41059,1016371,71.42,-3.899999999999977
463.0,360ONE,EQ,2024-07-19,983.9,983.9,984.15,958.0,962.5,966.1,964.21,648174,624973694.4,19625,568908,87.77,17.799999999999955
464.0,360ONE,EQ,2024-07-22,966.1,964.95,1000.0,957.4,975.4,986.6,975.77,208099,203056810.2,34972,117693,56.56,-21.649999999999977
465.0,360ONE,EQ,2024-07-23,986.6,986.6,1032.75,960.0,995.0,1000.3,988.11,321889,318060384.8,25641,197213,61.27,-13.699999999999932
466.0,360ONE,EQ,2024-07-24,1000.3,998.95,1039.0,998.0,1015.35,1021.2,1020.94,750738,766458600.65,32466,580595,77.34,-22.25
467.0,360ONE,EQ,2024-07-25,1021.2,1010.0,1017.0,991.2,1005.0,998.7,1003.21,316835,317853443.9,20514,224173,70.75,11.299999999999956
468.0,360ONE,EQ,2024-07-26,998.7,998.7,1008.5,992.8,1003.15,996.7,999.47,171301,171210195.95,13352,121929,71.18,2.0
469.0,360ONE,EQ,2024-07-29,996.7,1014.0,1079.0,1008.05,1075.0,1068.15,1063.87,1283001,1364952072.4,63213,616754,48.07,-54.15000000000009
470.0,360ONE,EQ,2024-07-30,1068.15,1077.5,1113.0,1068.25,1106.0,1102.55,1096.22,827240,906838846.55,53181,399167,48.25,-25.049999999999955
471.0,360ONE,EQ,2024-07-31,1102.55,1095.35,1139.1,1095.35,1133.7,1132.3,1124.07,1025229,1152425698.8,51156,410886,40.08,-36.950000000000045
472.0,360ONE,EQ,2024-08-01,1132.3,1129.8,1215.0,1090.5,1105.0,1099.15,1164.53,4006661,4665893587.0,127268,2159968,53.91,30.649999999999864
473.0,360ONE,EQ,2024-08-02,1099.15,1099.15,1099.15,1051.0,1058.45,1056.3,1062.1,580705,616768816.35,28177,313800,54.04,42.850000000000136
474.0,360ONE,EQ,2024-08-05,1056.3,1019.35,1039.0,1006.05,1019.5,1016.3,1025.2,775218,794750405.6,49374,557069,71.86,3.050000000000068
475.0,360ONE,EQ,2024-08-06,1016.3,1023.0,1042.95,988.05,997.0,994.2,1010.79,268393,271288684.0,23113,118031,43.98,28.799999999999955
476.0,360ONE,EQ,2024-08-07,994.2,999.75,1010.45,982.4,1002.15,1001.2,998.3,607371,606338095.25,31690,444655,73.21,-1.4500000000000457
477.0,360ONE,EQ,2024-08-08,1001.2,1011.2,1042.0,998.0,1025.0,1030.35,1030.65,317550,327282427.05,25870,166513,52.44,-19.149999999999864
478.0,360ONE,EQ,2024-08-09,1030.35,1037.0,1040.0,1011.3,1028.7,1033.35,1034.55,147180,152264982.75,11683,95701,65.02,3.650000000000091
479.0,360ONE,EQ,2024-08-12,1033.35,1000.0,1047.45,996.0,1032.0,1035.25,1032.94,638502,659533548.35,28097,333741,52.27,-35.25
480.0,360ONE,EQ,2024-08-13,1035.25,1032.4,1060.0,1005.75,1014.0,1012.9,1032.24,575666,594225269.1,21520,406723,70.65,19.50000000000012
481.0,360ONE,EQ,2024-08-14,1012.9,1014.4,1034.85,1000.0,1015.15,1026.8,1013.17,1346223,1363950337.7,31368,1181792,87.79,-12.399999999999975
482.0,360ONE,EQ,2024-08-16,1026.8,1027.0,1089.0,1027.0,1070.0,1069.6,1068.72,1240680,1325941822.55,58676,580282,46.77,-42.59999999999991
483.0,360ONE,EQ,2024-08-19,1069.6,1078.25,1100.0,1078.25,1095.0,1098.05,1096.42,840353,921378176.35,25413,594143,70.7,-19.799999999999955
484.0,360ONE,EQ,2024-08-20,1098.05,1111.0,1112.85,1070.55,1099.95,1098.75,1087.55,286388,311461409.15,22841,134425,46.94,12.25
485.0,360ONE,EQ,2024-08-21,1098.75,1105.8,1107.15,1073.65,1089.0,1094.05,1087.38,449397,488665852.7,29030,339027,75.44,11.75
486.0,360ONE,EQ,2024-08-22,1094.05,1098.75,1109.9,1088.5,1099.7,1098.15,1098.69,885144,972495620.05,26896,743964,84.05,0.599999999999909
487.0,360ONE,EQ,2024-08-23,1098.15,1108.8,1108.8,1076.9,1086.0,1084.95,1091.47,608995,664701914.8,22030,514367,84.46,23.84999999999991
488.0,360ONE,EQ,2024-08-26,1084.95,1084.95,1129.9,1084.95,1105.0,1104.2,1106.09,834862,923430180.2,36011,647249,77.53,-19.25
489.0,360ONE,EQ,2024-08-27,1104.2,1114.25,1114.25,1092.15,1100.0,1100.25,1100.57,242583,266978466.35,23374,170791,70.41,14.0
490.0,360ONE,EQ,2024-08-28,1100.25,1109.5,1134.9,1094.1,1098.0,1097.45,1106.48,785486,869121564.75,31236,502861,64.02,12.049999999999956
491.0,360ONE,EQ,2024-08-29,1097.45,1097.9,1107.55,1062.0,1085.0,1080.95,1078.74,346121,373373621.6,23084,211505,61.11,16.950000000000045
492.0,360ONE,EQ,2024-08-30,1080.95,1094.35,1094.35,1057.4,1070.0,1073.0,1071.49,443925,475659178.85,31428,284861,64.17,21.34999999999991
493.0,360ONE,EQ,2024-09-02,1073.0,1080.0,1094.35,1062.3,1084.0,1086.5,1076.74,342375,368649030.1,23589,205350,59.98,-6.5
494.0,360ONE,EQ,2024-09-03,1086.5,1100.0,1104.9,1086.6,1088.0,1095.15,1095.94,430544,471848554.8,20569,295887,68.72,4.849999999999909
495.0,360ONE,EQ,2024-09-04,1095.15,1081.5,1114.0,1067.6,1091.0,1091.2,1099.78,557096,612681300.45,34691,370742,66.55,-9.700000000000044
496.0,360ONE,EQ,2024-09-05,1091.2,1094.85,1110.0,1080.4,1109.4,1106.7,1096.18,289992,317883742.35,20558,190706,65.76,-11.850000000000136
497.0,360ONE,EQ,2024-09-06,1106.7,1119.65,1119.65,1083.0,1083.55,1089.85,1100.61,430787,474127120.0,22529,262706,60.98,29.800000000000185
498.0,360ONE,EQ,2024-09-09,1089.85,1090.4,1108.0,1054.5,1099.7,1103.35,1075.48,787547,846994044.7,31530,567072,72.0,-12.949999999999818
,360ONE,EQ,2024-09-10,1103.35,1107.9,1108.0,1062.0,1065.0,1071.05,1075.92,387683,417117681.25,21356,248560,64.11,36.850000000000136
,360ONE,EQ,2024-09-11,1071.05,1080.0,1087.0,1060.0,1081.0,1082.5,1069.97,301368,322454348.75,18547,173554,57.59,-2.5
,360ONE,EQ,2024-09-12,1082.5,1099.6,1112.0,1080.1,1100.0,1108.15,1099.11,396046,435298086.15,33036,221124,55.83,-8.550000000000182
,360ONE,EQ,2024-09-13,1108.15,1110.0,1110.0,1072.1,1093.0,1092.8,1083.38,332268,359972000.0,22882,186852,56.24,
,360ONE,EQ,2024-09-16,1092.8,1106.95,1111.85,1087.85,1093.05,1104.25,1097.73,279159,306440000.0,18039,186199,66.7,
,360ONE,EQ,2024-09-17,1104.25,1104.9,1109.0,1076.0,1081.0,1085.5,1081.71,245008,265028000.0,15560,167246,68.26,
,360ONE,EQ,2024-09-18,1085.5,1094.45,1134.8,1075.0,1075.0,1081.3,1092.45,451443,493179000.0,35727,225243,49.89,
,360ONE,EQ,2024-09-19,1081.3,1083.9,1085.35,1038.65,1067.8,1065.6,1061.86,304224,323042000.0,26681,148572,48.84,
,360ONE,EQ,2024-09-20,1065.6,1071.0,1108.85,1046.5,1102.0,1089.25,1084.73,1348962,1463256000.0,61128,932761,69.15,
,360ONE,EQ,2024-09-23,1089.25,1089.25,1093.35,1069.9,1070.0,1074.0,1078.84,263351,284113000.0,25225,180715,68.62,
,360ONE,EQ,2024-09-24,1074.0,1074.0,1088.0,1065.2,1080.2,1078.55,1073.16,288547,309657000.0,28969,199216,69.04,
,360ONE,EQ,2024-09-25,1078.55,1079.95,1080.05,1028.0,1032.0,1034.4,1042.4,314248,327571000.0,25758,203175,64.65,
,360ONE,EQ,2024-09-26,1034.4,1028.05,1105.0,1016.95,1074.2,1079.75,1065.59,1269390,1352648000.0,69318,553503,43.6,
,360ONE,EQ,2024-09-27,1079.75,1075.2,1100.0,1042.4,1070.0,1067.55,1068.32,787984,841818000.0,46280,528401,67.06,
,360ONE,EQ,2024-09-30,1067.55,1076.55,1083.95,1036.0,1038.0,1039.6,1056.26,396214,418505000.0,28653,218743,55.21,
,360ONE,EQ,2024-10-01,1039.6,1040.0,1044.65,1007.0,1016.0,1014.05,1016.4,468834,476523000.0,40997,298076,63.58,
,360ONE,EQ,2024-10-03,1014.05,994.0,998.45,940.0,970.95,955.45,964.08,1700571,1639492000.0,75535,1146566,67.42,
,360ONE,EQ,2024-10-04,955.45,962.9,1025.0,951.6,1003.0,1011.2,994.1,1463077,1454440000.0,89367,263924,18.04,
,360ONE,EQ,2024-10-07,1011.2,1007.6,1021.05,955.2,964.85,963.8,980.78,449744,441099000.0,52568,205255,45.64,
,360ONE,EQ,2024-10-08,963.8,965.0,984.45,953.4,978.95,976.55,969.06,846742,820545000.0,48686,586076,69.22,
,360ONE,EQ,2024-10-09,976.55,979.95,1022.25,979.0,1009.0,1010.0,1005.62,1013927,1019624000.0,53449,635943,62.72,
,360ONE,EQ,2024-10-10,1010.0,1052.0,1065.0,1012.0,1025.0,1022.85,1039.86,1653897,1719823000.0,74611,398745,24.11,
,360ONE,EQ,2024-10-11,1022.85,1023.95,1080.0,1023.95,1056.65,1056.9,1062.08,1462910,1553729000.0,100432,442239,30.23,
,360ONE,EQ,2024-10-14,1056.9,1063.95,1098.35,1050.2,1063.15,1063.6,1067.54,341955,365050000.0,25927,135684,39.68,
,360ONE,EQ,2024-10-15,1063.6,1064.95,1119.85,1064.95,1115.0,1114.75,1107.86,1328383,1471664000.0,56916,636088,47.88,
,360ONE,EQ,2024-10-16,1114.75,1122.75,1128.35,1107.0,1123.3,1122.2,1121.49,587748,659156000.0,54094,301464,51.29,
,360ONE,EQ,2024-10-17,1122.2,1125.6,1143.65,1101.1,1106.0,1108.4,1118.12,539214,602908000.0,47901,270888,50.24,
,360ONE,EQ,2024-10-18,1108.4,1089.0,1089.0,1047.6,1068.0,1069.25,1068.81,1002832,1071832000.0,46162,630690,62.89,
,360ONE,EQ,2024-10-21,1069.25,1074.0,1119.0,1070.0,1105.0,1104.85,1105.72,1266626,1400530000.0,88775,658498,51.99,
,360ONE,EQ,2024-10-22,1104.85,1103.85,1103.85,1013.4,1030.2,1024.85,1045.16,2259818,2361867000.0,166172,1098669,48.62,
,360ONE,EQ,2024-10-23,1024.85,1015.2,1054.0,992.05,1013.6,1008.0,1016.77,1548596,1574573000.0,67050,1064645,68.75,
,360ONE,EQ,2024-10-24,1008.0,1017.0,1051.95,1017.0,1022.55,1035.85,1036.68,697426,723008000.0,64796,324709,46.56,
,360ONE,EQ,2024-10-25,1035.85,1030.5,1045.95,982.0,1014.0,1012.15,1005.93,699929,704083000.0,51313,312981,44.72,
,360ONE,EQ,2024-10-28,1012.15,1016.85,1022.05,998.95,1001.5,1001.75,1003.6,472382,474084000.0,66718,285541,60.45,
,360ONE,EQ,2024-10-29,1001.75,1000.0,1037.65,994.65,1022.0,1025.2,1012.57,414668,419881000.0,41156,257860,62.18,
,360ONE,EQ,2024-10-30,1025.2,1025.5,1070.0,1024.85,1063.4,1061.35,1054.67,331634,349763000.0,24180,170946,51.55,
,360ONE,EQ,2024-10-31,1061.35,1060.05,1095.0,1048.0,1085.25,1090.5,1075.92,464670,499950000.0,40355,296612,63.83,
,360ONE,EQ,2024-11-01,1090.5,1095.05,1097.5,1068.0,1068.0,1076.6,1081.14,48118,52022000.0,3822,23224,48.26,
,360ONE,EQ,2024-11-04,1076.6,1079.8,1099.8,1026.05,1035.0,1037.7,1057.88,435757,460980000.0,32198,202846,46.55,
,360ONE,EQ,2024-11-05,1037.7,1035.5,1049.3,1011.75,1032.95,1036.45,1026.69,560723,575688000.0,34952,378149,67.44,
,360ONE,EQ,2024-11-06,1036.45,1035.85,1060.1,1030.1,1054.7,1056.2,1049.23,162519,170520000.0,15568,68238,41.99,
,360ONE,EQ,2024-11-07,1056.2,1060.4,1075.0,1033.4,1037.0,1036.15,1049.46,211506,221967000.0,18613,112763,53.31,
,360ONE,EQ,2024-11-08,1036.15,1046.0,1061.3,1023.95,1049.0,1046.45,1045.96,359739,376273000.0,33344,214349,59.58,
,360ONE,EQ,2024-11-11,1046.45,1042.5,1068.85,1030.05,1051.5,1051.15,1050.39,238229,250233000.0,15515,143749,60.34,
,360ONE,EQ,2024-11-12,1051.15,1055.2,1058.8,1033.55,1035.0,1038.75,1042.15,191794,199879000.0,33210,101188,52.76,
,360ONE,EQ,2024-11-13,1038.75,1035.5,1035.5,1005.05,1015.0,1016.8,1016.92,220799,224534000.0,22388,133000,60.24,
,360ONE,EQ,2024-11-14,1016.8,1001.05,1054.25,1001.05,1050.0,1050.4,1039.39,433088,450147000.0,38731,201053,46.42,
,360ONE,EQ,2024-11-18,1050.4,1051.0,1060.0,1031.5,1050.45,1048.05,1046.59,282451,295610000.0,33916,167460,59.29,
,360ONE,EQ,2024-11-19,1048.05,1051.15,1075.5,1039.05,1059.0,1065.5,1063.55,235557,250526000.0,22000,110880,47.07,
,360ONE,EQ,2024-11-21,1065.5,1073.95,1110.0,1067.0,1082.35,1091.7,1092.64,1287535,1406812000.0,68354,574363,44.61,
,360ONE,EQ,2024-11-22,1091.7,1097.95,1114.0,1068.7,1077.0,1082.4,1092.34,359373,392557000.0,24314,169568,47.18,
,360ONE,EQ,2024-11-25,1082.4,1099.0,1115.65,1076.5,1094.65,1092.65,1091.35,922071,1006305000.0,33166,669495,72.61,
,360ONE,EQ,2024-11-26,1092.65,1085.0,1100.0,1083.0,1093.0,1092.15,1092.94,207408,226685000.0,14144,128534,61.97,
,360ONE,EQ,2024-11-27,1092.15,1101.7,1148.0,1101.7,1132.0,1132.0,1133.39,1317672,1493434000.0,54100,722245,54.81,
,360ONE,EQ,2024-11-28,1132.0,1140.0,1148.85,1096.6,1120.3,1124.6,1125.26,983588,1106795000.0,63981,543333,55.24,
,360ONE,EQ,2024-11-29,1124.6,1123.15,1123.15,1090.0,1112.25,1115.05,1106.23,519179,574331000.0,38077,292574,56.35,
,360ONE,EQ,2024-12-02,1115.05,1115.0,1150.0,1094.0,1146.0,1144.6,1124.48,410493,461590000.0,35517,222480,54.2,
,360ONE,EQ,2024-12-03,1144.6,1150.0,1177.7,1141.25,1162.7,1156.7,1162.62,1033539,1201614000.0,84363,692130,66.97,
,360ONE,EQ,2024-12-04,1156.7,1162.7,1162.7,1125.05,1129.0,1128.4,1137.18,285838,325049000.0,28834,137684,48.17,
,360ONE,EQ,2024-12-05,1128.4,1129.0,1140.0,1111.1,1116.9,1119.35,1122.68,360858,405129000.0,33760,199923,55.4,
,360ONE,EQ,2024-12-06,1119.35,1118.95,1128.45,1102.35,1117.0,1120.65,1119.39,211439,236682000.0,24190,102143,48.31,
,360ONE,EQ,2024-12-09,1120.65,1124.45,1166.5,1121.5,1133.35,1138.6,1148.28,624043,716573000.0,44201,369761,59.25,
,360ONE,EQ,2024-12-10,1138.6,1140.0,1210.0,1140.0,1195.1,1198.4,1188.03,1925322,2287335000.0,89376,977052,50.75,
,360ONE,EQ,2024-12-11,1198.4,1202.7,1225.95,1184.75,1207.3,1211.1,1206.77,850418,1026257000.0,73434,521984,61.38,
3.0,360ONE,EQ,2024-12-12,1211.1,1214.95,1218.0,1186.4,1197.0,1199.3,1207.23,634155,765573000.0,44422,412787,65.09,
,360ONE,EQ,2024-12-16,1186.6,1186.8,1245.0,1184.6,1239.95,1242.4,1226.74,951845,1167668000.0,51197,493472,51.84,
,360ONE,EQ,2024-12-17,1242.4,1245.0,1260.0,1232.05,1256.85,1251.85,1249.29,603540,753998000.0,41776,267182,44.27,
,360ONE,EQ,2024-12-18,1251.85,1255.05,1270.0,1226.15,1232.35,1240.8,1253.36,525759,658964000.0,25100,252011,47.93,
,360ONE,EQ,2024-12-20,1225.35,1225.35,1260.0,1210.35,1223.15,1249.5,1250.26,1452337,1815797000.0,53665,910278,62.68,
,360ONE,EQ,2024-12-23,1249.5,1238.05,1280.75,1208.95,1225.1,1232.7,1229.79,499836,614693000.0,40886,204964,41.01,
,360ONE,EQ,2024-12-24,1232.7,1230.0,1239.7,1201.2,1233.4,1236.35,1226.88,284990,349648000.0,20952,111622,39.17,
,360ONE,EQ,2024-12-26,1236.35,1236.4,1312.1,1214.25,1245.0,1256.25,1234.71,1129000,1393993000.0,45199,672507,59.57,
,360ONE,EQ,2024-12-27,1256.25,1262.85,1276.95,1221.9,1252.35,1250.9,1241.41,827586,1027370000.0,43131,526524,63.62,
,360ONE,EQ,2024-12-30,1250.9,1254.95,1295.0,1221.75,1285.0,1270.95,1253.23,711413,891561000.0,65014,389416,54.74,
,360ONE,EQ,2024-12-31,1270.95,1275.0,1275.4,1243.0,1253.7,1254.8,1255.28,273039,342740000.0,23223,171767,62.91,
,360ONE,EQ,2025-01-01,1254.8,1253.2,1288.95,1224.5,1277.9,1276.7,1267.15,227346,288081000.0,17185,84765,37.28,
,360ONE,EQ,2025-01-02,1276.7,1283.5,1300.0,1269.8,1295.7,1292.9,1292.24,362600,468565000.0,29729,183910,50.72,
,360ONE,EQ,2025-01-03,1292.9,1310.0,1311.35,1290.15,1290.15,1297.15,1302.04,312666,407104000.0,22986,192599,61.6,
,360ONE,EQ,2025-01-07,1257.9,1235.0,1253.35,1197.0,1208.0,1217.3,1225.58,1064624,1304777000.0,48996,777311,73.01,
,360ONE,EQ,2025-01-08,1217.3,1195.0,1214.85,1151.75,1173.0,1175.85,1176.18,507458,596864000.0,34725,239403,47.18,
,360ONE,EQ,2025-01-09,1175.85,1172.7,1172.7,1148.05,1165.0,1166.55,1161.85,305587,355047000.0,29974,127102,41.59,
,360ONE,EQ,2025-01-10,1166.55,1164.85,1183.45,1112.45,1127.0,1129.1,1141.89,291345,332683000.0,30188,127872,43.89,
,360ONE,EQ,2025-01-13,1129.1,1100.2,1142.3,1089.0,1134.75,1101.95,1108.25,819110,907781000.0,67093,428491,52.31,
,360ONE,EQ,2025-01-14,1101.95,1106.85,1137.0,1100.8,1125.0,1126.5,1124.4,423370,476036000.0,31865,219171,51.77,
,360ONE,EQ,2025-01-15,1126.5,1134.0,1220.0,1132.0,1175.0,1193.45,1187.24,3496182,4150799000.0,157804,989752,28.31,
,360ONE,EQ,2025-01-16,1193.45,1172.1,1221.3,1172.1,1184.55,1198.95,1200.9,1097801,1318354000.0,34900,834572,76.02,
,360ONE,EQ,2025-01-17,1198.95,1185.65,1201.45,1169.0,1183.95,1183.7,1182.27,368046,435129000.0,32088,153251,41.64,
,360ONE,EQ,2025-01-20,1183.7,1175.2,1233.95,1162.4,1226.3,1216.5,1209.9,551761,667575000.0,33941,246412,44.66,
,360ONE,EQ,2025-01-21,1216.5,1230.0,1233.15,1191.1,1200.0,1201.85,1204.34,316825,381566000.0,26644,152715,48.2,
,360ONE,EQ,2025-01-22,1201.85,1200.0,1211.5,1113.75,1139.95,1148.95,1159.26,408202,473213000.0,34944, 229172, 56.14,
